id,target_new,target_old,text
5,1,1,resid ask shelter place be notifi offic evacu shelter place order expect
6,1,1,peopl receiv wildfir evacu order california
7,0,1,just photo rubi alaska smoke wildfir pour school
8,1,1,rockyfir updat california hwi close direct due lake counti fire cafir wildfir
15,1,1,afraid tornado come area
16,1,1,peopl die heat wave far
24,0,0,love fruit
52,0,0,cri set ablaz
54,0,0,mufc built hype acquisit doubt will set epl ablaz season
56,0,1,barbado bridgetown jamaica car set ablaz santa cruz head elizabeth polic superintend
59,0,0,check nsfw
66,1,1,west burn thousand wildfir ablaz california alon
78,0,0,noch bestia happi see teammat train hard goodnight gunner
79,0,1,kurd trampl turkmen flag later set ablaz vandal offic turkmen front diyala
80,0,1,truck ablaz voortrekk ave tambo intl cargo section
86,0,0,progress greet month student set pen ablaz torch public
93,1,1,huge fire wholesal market ablaz
96,0,0,can kid cuz bicycl accid split testicl imposs kid michael father
109,1,0,sleep pill doubl risk car accid
113,1,1,mile marker south mooresvill iredel vehicl accid congest
137,1,1,mile backup south accid block right lane exit langtre consid altern
143,0,1,onli car week fuck car accid mfs can fuck drive
174,0,0,aftershock protect profit next global financi meltdown david wiedem
176,0,0,aftershock full stream youtub
178,0,0,aftershock protect profit next global financi book
182,0,0,onli stand dream will tri belief actual possibl joel brown
193,0,0,peopl who say interrupt who georg bernard shaw
194,0,0,first man oyster second man shell andrew carnegi
195,0,0,need tonight play hybrid slayer hmu
198,1,0,lifetim odd die airplan accid
203,1,1,famili member osama bin laden die airplan accid iron mhmmm gov shit suspect
209,1,1,horribl accid man die wing airplan watchthevideo
216,1,1,expert franc begin examin airplan debri found reunion island french air accid expert mlb
221,1,1,usama bin ladin famili dead airplan crash natur accid
222,1,1,pilot die plane crash car festiv crash aircraft airplan pilot death accid carfest
226,1,1,dtn brazil expert franc begin examin airplan debri found reunion island french air accid exp
240,1,1,airplan accid
241,1,0,phone look like car ship airplan accid terribl
247,1,1,twelv fear kill pakistani air ambul helicopt crash
248,1,1,air ambul scene crash car lorri emsn
252,0,1,travel aberystwyth shrewsburi right now incid servic halt just shrew ambul scene
264,0,0,need ambul hahahah
297,0,0,annihil petebest dessic laid bare kneel
301,0,0,mizzou annihil florida past season end muschamp career just can compet bama
302,0,1,annihil ab
315,0,0,annihil well thank
320,1,1,year annihil peopl instant awar abil annihil whole human
321,0,0,day tryout went minus quick short ball annihil toenail injuri
322,0,1,oryx symbol arabian peninsula annihil hunter
331,0,0,seen juda priest rob came back scorpion support fuck annihil place astonish gig
345,0,0,juanni beisbol annihil ball lgm
358,0,0,can sign share petit save wild hors arizona
361,0,0,check salt river hors help annihil happen signatur chang org thx
363,0,0,soul punish annihil
383,0,0,current nova bookslast check tie book rider die annihil
396,0,0,gon na fight taylor soon
397,0,1,ohh fukurodani didn surviv apocalyps bokuto feel horribl poor boy ppor child
406,0,0,feel like pull stage apocalyps
407,0,0,kinda hot play radio today next diseas apocalyps start care
410,0,1,know question interpret sign apocalyps call
420,0,0,candylit imagin sarumi zombi apocalyps fight back back heart heart convers
426,0,0,apocalyps come week know
429,0,0,niec just ask scare apocalyps here
438,0,0,know zombi take
442,0,1,shadow box apocalyps
452,0,0,bed time don wake revolut armageddon start
463,0,0,love truelov romanc lith voodoo seduct astrolog rtrrt lotz apocalyps armageddon planet
470,0,0,histori book thank justic depart way haven paid incom tax yrs
489,1,0,chart prove financi crisi part begun financi armageddon econom collaps blog track tren
490,1,1,paul craig robert vladimir putin issu major warn late escap bric robert russia
506,0,0,build kingdom lead armi victori friend code lzktjnox
520,1,0,drayesha indiakomuntorjawabdo indian armi
528,1,0,wwi wwii japanes armi navi militari japan leather watch war mido full read ebay
556,0,1,fake hate crime lesbian burn hous down
559,0,1,mourn notic stab arson victim stir polit grief israel
568,1,1,death palestinian toddler arson attack israel crack down jewish
570,1,1,kisii polic kisii hunt student fail arson plot polic kisii hunt student countynew
571,0,1,mariah thick shoulder poor girl
576,1,1,jewish leader pray hospit palestinian famili be treat arson
598,0,1,hate white peopl
615,0,0,video captur man remov american flag long beach home burn arsonist sought
623,0,0,arsonist be blame blaze plastic recycl busi adelaid report newsadl
625,0,0,zodiac girl feat trey dupre produc sparkz beatz chuck arsonist
642,0,0,owner chicago area gay bar admit arson scheme frank elliott plead guilti hire arsonist
649,0,0,credit inspir rediscov fantabul tbt
655,1,1,isil claim suicid bomb saudi mosqu kill least
656,0,0,funniest part twitter feminist tri attack head
659,1,1,drone attack kill suspect milit north waziristan
661,1,1,milit attack polic post udhampur spos injur livemint allthenew
662,1,1,break obama offici gave muslim terrorist weapon texa attack
669,0,0,just heart attack thought goat dead don worri rocket okay
677,1,1,polic assail latest movi theatr attack homeless psycholog issu
682,1,1,illeg alien releas obama dhs time charg rape murder santa maria woman prior offens
691,1,0,anxieti attack
705,0,0,onc black men didn way white men black men attack
709,1,1,isra helicopt attack civilian gaza just complet exercis greec
744,1,0,attack
761,0,0,beauti sweet avalanch faith akito rose frothi gyp weddinghour
786,1,0,flex here
787,0,0,avalanch world away believ wide awak
801,0,1,fulli awar battl support fight
802,0,0,baaaack petersen bowhunt battl bow sure head cast vote
805,0,1,black eye space battl occur star involv fleet total ship destroy
809,0,0,who gon rap battl
814,0,1,young german stormtroop engag battl somm
819,0,0,interest see who will win battl
834,1,1,fedex longer transport bioterror germ wake anthrax lab mishap
838,1,1,news fedex longer transport bioterror germ wake anthrax lab mishap say fedex tcot
849,1,1,fedex longer transport bioterror germ wake anthrax lab mishap news phone appl mobil
857,0,1,fedex longer will ship potenti bioterror pathogen fedex corp nyse fdx will longer deliv packag
860,0,0,thank longer ship live microb depart
874,0,0,fedex longer ship bioterror germ wxia
881,1,1,fight bioterror sir
882,0,1,like video fema region iii target bioterror nasa japan rocket launch lithium
894,0,1,yes think colleg difficult think bioterror esp dispers
895,1,1,volunt need particip emerg prepared drill simul bioterror disast
896,0,1,major american newspap run seri alleg bioterror research go
928,0,1,bioterror author allay glander fear ahead rio olymp equestrian test event
929,0,0,crave
931,0,0,know look move hammond share list
939,0,0,welcom famili cleveland standup
953,0,0,bar rapper
957,0,0,look like year write comput ahead
960,0,0,yeah know blaze blue dont twitter lol drew week ago
961,0,0,socialmedia news facebook page featur seek help person custom experi
971,0,0,mixtap come promis goin right now
978,0,0,artisteoftheweekfact say convers coast coastdj agre jiwonl hiphop clubbang
986,0,0,bowl think damn blaze damn long
997,0,0,xleak tos yrs old ladi festac town delta exp sed bbm leak pictur
1006,0,0,still blaze
1017,0,0,thank missi thought suit blaze hot summertim yee haw
1021,0,0,morgan silver dollar gem blaze satin rare proof like full
1024,0,0,follow check hit singl unpack man blaze
1029,0,0,way archetyp bleed well ground readi fpoj
1031,0,0,threw chicken nugget sister lip now bleed
1038,0,0,can help hope text need talk send hug way bleed death allow
1041,0,0,appar bleed peopl look weird lol well fine keep walk
1050,0,0,ear bleed
1058,0,0,fell back hit head concret bleed shit
1070,0,0,let see soccer bleed face
1073,0,0,ear bleed hate stefano
1081,0,0,blew oomf instagram caus cute activ follow
1082,0,0,see crazi line blew
1104,0,0,blew snapchat reason
1110,0,0,guy whistl park help wind blew skirt car
1114,0,0,like liter blew
1117,0,0,freya video blew
1122,0,1,see firebal fall earth look like plane blew
1124,0,0,zayn just blew twitter
1128,0,0,damn clue tri see click blew play
1149,0,0,citi program help turn blight greenspac tennesse hous develop news
1166,0,0,doubl result live app
1167,0,0,first zippolin want communiti ask blight park moveit
1175,0,0,articl michael jackman metro time detroit group later downgrad estim squar mile
1182,0,0,print wait long pamela blizzard
1189,0,0,want rolo blizzard mom guess tonight
1195,0,1,tweet taiji dolphin worship group base superstit just take look tweet
1196,0,0,lucio let overwatch hype train roll caution aren break
1203,0,0,updat window now error
1204,0,0,expans idea bard class holi triniti
1208,0,0,lizard wizard blizzard lwb
1211,0,0,blizzard love
1215,0,0,control tora
1223,0,0,market news activis blizzard cogniz technolog first solar
1225,0,0,biggest regret hearthston
1237,0,0,friend like blood come wound
1240,0,0,dialys grandpa lord blood make light head
1250,0,0,bruh white peopl buy ugliest shoe super tight blood go feet
1262,0,0,today hastl drug test blood drown shot document fill
1264,0,0,will wind take gypsi blood time
1267,0,0,mad men
1269,0,1,privat thirsti night sad blood rock roll
1273,0,0,person favorit includ paramor muse green day royal blood sos
1275,0,0,shed innoc blood son daughter land pollut psalm help sin abort
1287,0,0,here listen bloodi jay
1300,0,0,call weekend call bloodi mari time summer full
1302,0,0,damn bloodi hot
1304,0,0,know say side effect low fast son product acn cream side effect bloodi diarrhea
1316,0,0,bloodi mari sink beet juic
1318,0,0,meet bloodi
1328,0,0,black friday turn bloodi shop mysteri
1331,0,0,told soccer mom pic blown put daughter bedroom wall
1332,0,0,mention blown choic will deactiv leav respect choic
1343,0,0,man hasn blown still underground
1345,0,0,mention blown wtf
1346,0,1,thisdayinhistori confeder ship blown crew read
1347,0,0,moment win mini uhc blown creeper kick fli salti
1348,0,0,bump approv blown musicadvisori
1349,0,1,truckload soldier will blown panic littl lion die lose
1352,0,0,first time tweet blown half day later
1354,0,0,thank let stay here manor blown anyway buddi
1378,0,0,glononium help be blown bash bottl nitroglycerin book
1382,0,0,ditto way feel drank vodka ice bodi bag
1384,0,0,loui vuitton monogram sophi limit edit clutch cross bodi bag full read ebay
1389,0,0,check ameribag healthi back bag shoulder cross bodi backpack khaki tan beig nylon
1390,0,0,photo bath bodi work cosmet bag periwinkl blue copper pipe top corner
1401,0,0,check vintag longaberg floral fabric shoulder cross bodi bag brown leather strap
1412,0,0,handbag fashion style authent loui vuitton pochett bosphor shoulder cross bodi bag
1432,0,0,drake bodi bag meek
1436,0,0,rec leagu ball olymp level bodi bag like career trollingtilmeekdiss
1443,0,0,bodi bag lyric
1445,0,0,bodi bag bitch
1453,0,0,drake fan enjoy see bodi bag peopl great market lol
1464,0,0,record jumpin window earli bodi bag luck lol save file
1467,0,0,drake kept hip hop beef fuck bodi bag meek back back
1470,0,0,woke drake bodi bag meek meek can spit girlfriend just lay down man right
1475,0,0,hour bag groceri ach bodi
1479,0,1,call report danger activ tell bodi bag arriv
1495,0,0,women buckl casual stylish shoulder handbag pocket cross bodi bag white
1497,0,0,attent rchs footbal player will coffin bodi bag locker room grab tommorow gon na die
1501,0,0,institut peac chairman want russian bodi bag
1502,0,0,updat firefight administr leav facebook post call peopl put offic bodi bag
1503,0,0,can poor middl class children war can come bodi bag typic gop
1506,0,0,love bodi shop bag cutekitten catsofinstagram summerinsweden katt katterp instagram duml dagen
1508,0,0,women satchel lattic chain stud cross bodi multi colour shoulder bag blue
1514,0,0,parti bodi bag like drink drive
1522,0,0,women handbag cross bodi geometr pattern satchel tote shoulder bag white
1524,0,0,hamper onli like cross bodi bag like ella vicker bag machin washabl
1526,0,0,fairfax investig firefight facebook post say polic put bodi bag washington post
1533,1,0,bomb ass firework pictur
1537,1,0,namjoon fantast bomb bye omg
1544,0,0,work zumiez locat
1545,1,1,document found point japan wwii atom bomb program
1547,0,0,happi birthday big miss girl hope bomb
1549,1,1,umm gun gunman who carri bomb
1555,1,1,hiroshima mark year bomb
1559,1,0,bomb ass pictur mail
1567,1,1,disneyland taco bomb
1570,0,0,soul food sound bomb right now
1577,1,0,hutch bomb
1582,1,1,name countri invad bomb libya north africa last year
1585,1,1,bomb hiroshima year ago today look war chang
1593,1,1,major kill civilian ground jet first bomb citi street dramat plummet
1596,1,1,went school bomb east end london famili hous bathroom loo poor what point
1599,1,0,nowt money fergi bomb big drinker unit year take wenger
1603,1,1,shadowflam wraith bomb
1605,0,0,feel like tri grab hes cheeto bomb
1608,0,0,true face bin laden uncl hope afghanistan will bomb children can ugli
1609,1,0,liber compass specif feminist bomb japan back tradit sexist valu
1613,1,0,hope batista bomb lauren
1636,1,1,today mark anniversari bomb hiroshima citi visit humbl novemb
1639,1,1,cryptic word guid pilot hiroshima bomb mission canada
1643,1,1,set success bell toll hiroshima japan mark year atom bomb news smallbusi entrepreneur
1653,1,1,push left talk ecolog human rts democraci war afghetc left humanitarian bomb
1669,1,1,japan mark anniversari hiroshima atom bomb bell toll hiroshima thursday japan mark
1694,1,1,traintragedi happen due collaps bridg now afraid take long distanc train
1724,0,1,fireman run burn build run doug deserv respect
1725,0,1,upset ralli upset burn build busi execut cop
1727,1,1,overlook burn build blacklivesmatt
1728,1,1,live matter just fan burn down build steal neighbor protest
1733,1,0,mental prepar bomb ass school year burn build
1735,1,1,rocki fire burn northern california still threaten build largest state newsmorn
1740,0,1,can skip basic life mainten day cut burn build peopl scream street
1753,0,1,burn build rob riot embarrass ruin nation
1754,1,1,peopl worri burn build black peopl lose live disgust
1759,1,1,sink ship burn build fall object remind old
1760,0,1,like music video want real action shit like burn build polic chase weak ben winston shit
1815,1,1,alarm fire destroy residenti build car manchest sunday afternoon
1817,1,1,peopl displac alarm fire tore apart build second street manchest mht
1821,0,0,hate tri straighten hair brother come swoop scare just burn finger
1834,0,0,sure just burn calori eat giant bowl mac chees total earn calori klondik bar
1840,0,1,burn calori minut walk mph brisk pace myfitnessp
1845,0,0,hurt eat caus burn toung pepperoni yesterday
1848,0,0,holi fuck qvc bitch just burn hard
1857,0,0,just burn crap grill chees sandwich sure wish life skill figur now
1861,1,1,mad river complex fire burn acr contain mad river complex fire triniti counti
1863,0,0,keithyy gettin burn outta block social media
1865,0,1,watch bad fool burn coverag year dat dude practic squad materi
1873,0,0,star burn here voic mind
1875,0,0,bitch walk like yall hot shit bed bug burn
1877,0,0,rain burn favorit candl hot cocoa sip nap time awesomesauc
1882,0,0,minut fat burn routin fun fat weightless fatburn burnfat skinni workout
1888,0,0,kanger coil burn fast vape
1889,1,0,build wall keep burn man attende come home
1890,1,1,flame visibl fire tucson mountain lightn caus fire burn steep rocki terrain mountain
1893,0,0,don modest certain sniff sniiiiiiff donni burn
1915,1,1,california burn gov jerri brown told report press confer california experienc
1917,0,0,complet understand just woke like minut ago burn
1932,1,0,protest ralli stone mountain atleast burn down build loot store like individu protest
1951,1,0,battl monster pull burn build say give come
1954,1,1,heavi smoke pour build fire port coquitlam
1967,1,1,pictur build burn ground basement streetlight drink problem hole sky
1972,1,1,explain go volcano bush fire spout air
1973,0,1,middl winter sydney snow bush fire degre day last week keep toe sure
2014,1,1,civilian casualti rise afghan war intensifi
2017,0,0,honest peopl want rampag let hand feet casualti
2024,1,1,poignant remind war casualti
2027,0,1,casualti tomorrow
2031,0,1,american weapon support fuel bloodi air war yemen
2034,1,1,shoot movi theater crazier glad shooter casualti
2036,1,1,sharp rise women children casualti afghan war say
2045,1,1,news wrap warn femal child casualti rise afghanistan pbs iraq
2051,1,1,civilian casualti afghanistan hit highest number say
2064,0,0,wave casualti aid tweet grown watch david
2067,0,1,cos saniti bring reward hit last score don casualti cut cord
2070,0,0,qualiti insur group hire licens properti casualti insur agent produc job denver
2074,0,0,want gritti real casualti photo pasta thursday amico tag amicospizzato seeyouatamico
2077,1,1,trauma center shine respons multi casualti crash
2084,0,0,took way longer expect
2086,0,0,still don know independ day social casualti rowyso setlist song live
2096,1,0,con build strong case portfolio diversif properti casualti insur
2100,1,1,japan nuke program unsuccess casualti estim ground war ten million
2102,0,1,nowplay dubstep hardstyl trap messi mix event record alien casualti
2109,0,1,catastroph liter unabl ejacul
2111,0,0,cultiv joy face catastroph suffer pjnet tcot ccot
2113,0,0,come catastroph destruct puppet republ half naemolgo continu firm support yiraneuni
2116,0,0,iphon twist ultim prepared librari prepar catastroph
2117,0,0,can envis catastroph prevent woman place child adopt
2119,0,0,stylist who silent say cool show amazon prime call catastroph
2125,0,1,updat mac pros compani bought may catastroph failur requir repair
2134,0,0,spark song ultim prepared librari prepar catastroph
2142,0,0,god biggest gbbo catastroph seen watch show
2145,0,0,catastroph perfect content be onli mean be control text crap say
2146,0,0,catastroph caus peopl reckless bottom line least friend will
2148,0,0,regular coffe rockstar coffe today still tire
2160,0,0,climat chang catastroph benefit
2161,0,1,follow catastroph injuri acut medic care take preced ptsd follow wake undetect
2177,1,1,learn destruct volcan event histori thirti year later
2191,1,1,look catastroph rain flood
2195,0,1,kessler syndrom name catastroph exponenti prolifer space debri destruct satellit gravitymovi
2205,0,0,look defend catastroph injuri solicitor job
2212,1,1,fema center disast prepared weeklong train chemic biolog radioact nuclear emerg respons
2214,0,0,upset bee listen scienc chemic compani savebe
2220,0,0,job open downtown emerg servic center seattl chemic depend counselor intern job
2237,0,0,downtown emerg servic center hire chemic depend counselor intern appli now seattl job
2244,0,0,stand bee profit hungri chemic compani keep ban savebe sign petit
2246,0,0,famili emerg can chanc phone stream
2248,1,1,emerg harbor citi mod chemic fire residenti area
2250,1,1,emerg respond prepar chemic disast hazmat train
2251,1,1,lindenow emerg crew chemic spill street near church street
2262,0,0,regress slip fall cliff
2280,0,0,current want drive car cliff fall death
2297,0,0,jump cliff drink tea british peopl fall cliff
2336,0,0,steel ferrochrom industri verg collaps don put list question presid oral answer
2358,0,1,way gari chicago entranc close due bridg collaps hope let tomorrow
2361,0,0,great british bake back dorret chocol gateau collaps jan
2364,0,1,roof collaps bowl alley communiti rememb go year
2368,0,1,pain second aw heart burst lung collaps air
2374,1,0,zimbabw countri collaps govern rule dictat live poverti line
2388,0,1,great british bake back dorret chocol gateau collaps jan moir
2391,0,0,answer answer collaps don
2396,0,1,wow heart collaps cool cri cool cool
2412,0,0,step drink cigarett lock eye jogger world collid
2414,0,0,ef star war star trek collid pluto moon charon pluto
2419,0,0,student collid fri sat regist nlccollid
2442,0,0,setlist past sunday power song favorit
2452,0,0,high fashion food collid
2455,0,0,fav world collid thank found podcast ihav episodesofgg nojok
2458,0,1,polic investig bike collid car littl portug bike rider suffer non life threaten injuri
2459,0,1,newswatch vehicl collid lock lansdown sts ptbo emerg crew way
2460,0,0,love hate collid part lanjut dirumah yagitudeh jake rumah cipinang
2463,0,1,score point punch quest squeaki bat collid skull
2476,1,1,car motorcycl harwich port harwich port car motorcycl collid crash happen
2479,0,0,food world collid salmon video simpl alaskaseafood askforalaska
2496,1,0,omg omg omg justinbieb harrystyl collid nuclear accid cern harrybecar
2502,0,1,can watch pvris sad collid set
2513,1,0,santa spring studebak south trfc collis inj
2516,1,1,dead injur head collis kenai spur highway
2519,0,1,baltimor citi north fort mchenri tunnel bore collis north fort mchenri tunnel bore nort
2521,0,0,thisisfaz anti collis rear technolog cool techesback tech
2523,0,0,anti collis rear technolog cool techesback tech
2534,1,1,motorcyclist bicyclist injur denver collis broadway
2538,0,1,favorit ladi came volunt meet hope join youth collis excit
2544,1,1,traffic collis injuri ave offramp south sac
2553,1,0,next financi crash write wall don say weren warn
2554,0,0,feel crash burn thoma rhett sure
2561,0,0,alright now gon na crash exhaust
2564,1,1,parti bestiv crash victim michael molloy
2565,1,1,clear crash hamilton south
2590,0,0,photoshop tool crash cours complet photoshop tool guid cours
2593,1,1,polic respond crash find suspect heroin
2598,1,1,man kill crash barrington hill hoffman estat man kill singl car crash wednesday aft
2606,0,0,son didn sleep night final laid bed crash
2609,1,1,bin laden famili plane crash avoid microlight land far down runway member
2612,1,1,major hamayun shahe pilot heli crash mansehra
2616,1,0,crash time past coupl hour
2621,1,0,heard day ago drive near crash car laugh
2622,1,0,havnt crash
2629,1,1,pakistan say armi helicopt crash countri restiv northwest kill least
2631,1,1,news bin laden famili plane crash avoid microlight land far down runway
2633,1,1,maj muzzamil pilot offr crash near mansehra today may almighti give strength famili bear loss
2657,0,1,crush
2658,0,0,guy idk just made woman crush first
2663,0,0,be bestfriend high school crush
2670,0,0,minut alon crush overr experi smh
2676,0,0,girlfriend complet gorgeous woman crush stuff
2677,0,0,high moe bouta crush friday
2679,0,0,biggest crush dont know know
2682,0,0,serious biggest girl crush blake live
2687,0,0,yeah crush
2688,0,0,tri look cute wen crush pass
2689,0,0,crush content market mediocr
2696,0,0,lmao well onli know ive onli crush sooo
2701,0,0,love love playa just crush
2719,0,0,mango juic crush ice
2724,0,0,wow crush edw bluejay
2725,0,0,crush gym crush butterfing flurri clear prioriti straight
2729,0,0,jesus christ ball fuck crush bluejay
2734,0,0,oil price fall driver reap benefit
2739,0,0,nick william just hit bomb just crush
2743,0,1,youtub comment say dothraki crush came westero nah bro underestim dothraki
2749,0,0,empir avenu crush soul
2753,0,0,thirst curfew
2766,0,0,exofficio men boxer brief curfew larg
2767,0,0,wnd cld sct bkn exp inst apch rwi curfew oper taxiway foxtrot foxtrot navbl tmp
2792,0,0,cld sct bkn exp inst apch rwi curfew oper taxiway foxtrot foxtrot navbl tmp wnd
2795,0,0,whole curfew
2801,0,0,charli lim start sunday curfew leh
2803,0,0,awwww babi walter rewatchingthepilot teamscorpion cyclon
2808,0,0,camera art photographi bolt cyclon dual outlet power pack extern camera flash
2811,0,0,work purpos larg cyclon just don
2826,1,1,cyclon komen devast famili myanmar week need help today
2844,0,0,drug alcohol jackson vroman
2855,0,0,union say support london prepar damag econom last time
2857,1,1,fyi accid properti damag limeston col yellowston way fieldston
2860,0,0,here complain phoenix mode fire emblem turn ray gigant will difficulti option take damag
2867,0,0,car spot damag time check time give away baggag loss
2870,0,1,hey royal love damag
2872,0,0,mage fairi tail special properti damag natsu dragneel
2878,1,1,tor tor situat onli wind damag enhanc word key imo
2884,1,1,cross sectarian protest power shia cleric say militia withdraw fightin isi wont forget damag uve ppl
2887,0,0,cross arm cover hand anymor damag hello
2891,1,1,glaucoma occur fluid build pressur insid eye level may damag optic nerv eyefact
2893,1,1,jsunnew storm damag report madison counti thunderstorm damag report
2898,0,0,real shit will damag bitch
2899,0,0,lmao fuckboy chang damag
2909,0,1,sign open fall danger releas day blast review tour sign here
2915,0,0,last tree cut down last fish eaten last stream poison will realiz
2920,1,0,train grain wheat bare gold august heat anger trespass seek danger
2922,0,0,govt lost ethic moral relev mean whole usa popul danger
2932,0,0,wish victoria secret front
2941,0,0,gun protect shit shouldn life danger
2942,0,1,thirsti yall danger dehydr
2943,1,1,thunderstorm littl rain expect central california high fire danger weather cawx
2945,0,0,experi angri critic pundit grave danger go rail
2946,0,0,danger skyler danger
2954,1,1,dead afghanistan aircraft crash afghan militari helicopt crash remot region
2956,0,0,miss longer hair dead anyway wasn hair
2960,0,0,naaa bee dead like legit zombi feel sore part bodi
2993,0,1,man found dead demi moor swim pool
3006,0,0,vibrat shape vape bust
3012,0,1,go back gainesvill will death
3014,0,0,papiichampoo enjoy obama era civil prez say gop support iranian death
3021,0,0,loyalti mission involv kick shitti nobleman death love elven weirdo
3023,0,1,thank narrowli avert death fun right
3034,0,0,crime know right punish death
3036,0,0,issu upload death smoochi awaken clip reason bicentenni man be pain ass
3039,0,0,feel like death holi moli
3044,0,0,afghan peac talk doubt mullah omar death financi time mullah
3056,0,1,case voter fraud year need law gun death day who actual follow law amirit vra
3057,0,1,silenc palermo shipwreck children death
3059,0,0,breast milk origin superfood rate worldwid stall contribut child death last year
3074,0,1,will know happen govt think belief warrant death innoc jap
3091,0,1,die horribl death trap ship knew risk
3097,0,1,year angela sander born roundhous kick death increas percent
3099,1,0,walmart take step keep children safe hot vehicl take look innov car seat here
3111,1,1,malaysia confirm plane debri wash reunion island flight
3114,1,1,miss jet debri float union york time
3115,1,1,union debri sure flight offici say york time
3123,1,1,love food fun malaysian prime minist najib razak confirm aircraft debri found union isla
3124,1,1,malaysia franc plane debri miss
3133,1,1,aircraft debri found reunion miss malaysia airlin abc onlin
3134,1,1,reunion debri miss malaysia flight
3138,1,1,kamindoz reuter debri confirm relat hope discoveri crash
3140,1,1,debri confirm relat hope discoveri crash site malaysian offici confirm breakth
3145,1,1,plane debri miss
3153,0,0,awash abstract dustpig tweet explain delug
3155,0,0,feed delug onc twice week fantast
3157,0,0,welcom organ twitter find import stuff delug btw love music sign
3158,0,0,niagara fall packag deal delug tour yyeso
3161,0,1,delug resourc flood medic provid cleanup worker
3175,0,0,delug hell vine
3181,0,0,bibl back truck unload descript delug indec explain next
3191,0,0,hough jeff crap content market delug dougkessl bagenc slideshar contentmarket
3192,0,0,love song heal here delug want sing church spanish translat
3196,0,1,search power content improv busi frustrat delug
3198,0,0,meditationbymsg ppl method medit delug divin bless happi peac life
3199,0,1,here isn delug canadian theme top time perfect can believ mad
3201,0,0,novalismi joseph mallord william turner shade dark even delug clicca sul titolo
3211,0,0,susi delug invoic stlnd colour shape like rise top pay pile
3212,0,1,glimps hyderabad delug heavi rainfal
3217,0,0,matter week amazon go delug poor written indi dystopian fiction teen escap blood farm
3229,0,0,hold address go delug spam meant
3231,0,1,tarp protect outfield move infield delug
3235,0,0,busi delug inroic stand colour shape like rise top pay pile
3236,1,1,state squabbl immigr franc eurotunnel delug migrant dead thousand storm tunnel
3237,0,0,busi delug invoic stand oup colour shame like rise top pay pile
3242,0,0,feel delug low self imag take quiz
3243,0,0,busi delug invoic stand ogt colomr shape like rise top pay pile
3245,0,0,forgiv bit testi delug hatr lost patienc
3249,0,0,alon hour savour prolong physic intens feel delug sigu
3252,0,1,come back fli ant day capit delug annual swarm wing insect
3253,0,1,rand paul debat strategi demolish bad idea point mayb
3259,0,0,doon silver architect won permiss demolish birmingham natwest tower replac will citi tallest build
3265,0,0,demolish deep space etoff charmeus clothesless precisionist vestment psfda
3277,0,0,set goal demolish fit inspir
3278,0,0,set goal demolish
3280,1,1,abbswinston zionist terrorist demolish palestinian structur jordan valley
3283,0,0,read remain favorit articl let like demolish laundri
3285,0,0,absurd ridicul men fashion demolish manhood
3286,0,1,far right racist avigdorliberman call destruct susiya previous call behead
3297,0,0,just first counter leagu game orianna happen demolish total appreci peopl play
3323,0,0,absolut demolish sounder start finish
3324,0,0,lol meerkat fuck will demolish periscop facebook live stream
3334,1,1,palestinian home demolish now israel isra home demolish
3335,0,0,take china demolish back fuck stone age
3345,0,0,year old ring fort demolish
3355,1,1,epa begin demolit home toxic area buffalo
3357,0,0,draw day demolit daili footbal select servic consist make money lay
3362,0,0,sale demolit trend near metrotown sure result poor maintain apart burnabi changeforthewors
3365,0,0,wit first demolit derbi today psa excit worn down hour
3367,0,1,save citi old town propos demolit west burton
3377,0,0,like demolit derbi
3381,0,0,last chanc work old ffa foodstand fairground finish demolit help appreci
3388,0,0,like ahhhhh fix alec made state med tort work comp law lead injustic
3390,0,0,giveaway music kit dren death head demolit
3398,0,0,christian detain zhejiang widespread anger cross remov cross remov last
3400,0,0,san jose demolit willow glen trestl put legal battl continu
3401,0,0,canberra first fluffi home demolit schedul releas
3405,0,0,don let wmata metro derail day text morn wake best rout work sms
3410,0,0,bloomberg will publish negat tri derail public support favor irand
3412,1,1,bbc news india rail crash train derail madhya pradesh flash flood
3413,1,1,gridlock here may caus metro train derail downtown washingtonpost
3415,1,1,kill simultan rail crash acut flood derail train india mumbai
3423,1,1,lake dalla crash caus train derail
3446,1,1,dozen die train derail river
3452,0,1,sound judgement mpc prematur rise derail recoveri busi
3466,1,1,crocodil tear don wash upset gravi train derail kidscompani
3469,1,1,updat passeng metro train derail caus terribl delay morn derail train caus hell
3471,0,0,illustr time illustr subway
3472,0,0,free name doc newidea back write derail think titl twitter
3477,1,1,breakfast link work home derail empti train derail smithsonian morn suspend ser
3480,0,1,go starb onli degre part metro derail beauti morn washington
3483,0,0,episod left end
3484,1,1,train derail work earli like now late fuck
3485,0,0,drop sport show don think top derail
3497,1,1,work bunch ppl buse train derail
3503,1,1,madhya pradesh train derail villag youth live
3527,1,1,latest train derail freakiest freak accid indian express indi indiannew
3530,1,1,suresh prabhu call harda derail natur calam offici feel warn sign ignor prabhu may regr
3542,1,1,train derail patna news casualti far indian express
3568,0,0,understand broke ppl mad hav attitud now sht fun won desol long
3578,0,1,unexercis honda run down neighborhood desol psqd
3581,0,0,post battl desol planet mason dixon line style electro violin play
3584,0,0,onli option now move desol island stack dvds can watch
3604,0,0,hobbit desol smaug thranduil scale action figur loos mirkwood full read
3618,0,0,watch desol smaug spanish hell drug
3629,0,0,caus right now can read don letter gon na mail desol row
3632,0,0,afraid sudden fear desol wick cometh lord
3636,0,0,emot desol effect alcohol addict famili forgiv hard
3662,0,1,dem flatlin who destroy creativ balanc longev truth stand lucif flame destruct
3664,0,1,money grub kike need cluei money can still destroy telekinesi watch
3667,0,0,free bet regist boylesport casino luck destroy
3669,0,0,can say displeas move spot jamaica congrat reggaeboyz
3679,0,1,will destroy reg competit entir region will satur yes brockton regc commonwealth ppc
3683,0,0,industri tryna destroy caus expos cash cow
3692,0,0,destroy oppa imag oop left right haaaaaa
3702,0,0,media stock destroy dis foxa cmcsa sni amcx viab twx
3727,0,0,felt like namekian black peopl felt play die planet destroy
3729,0,0,worri hitter pitcher destroy
3741,0,0,hot teen nsfw porn milf oil ass hole destroy king size cock closeup sex clip
3745,0,1,ford truck start drive be destroy tornado
3754,0,0,contrast forebod destruct enhanc expans divis color satur contrast hue
3764,0,0,don caus self destruct
3766,0,0,kingdom divid head destruct citi hous divid will stand matthew
3768,0,0,megadeth symphoni destruct
3775,0,0,arrog destruct think earth need doesn
3778,0,0,happen destruct
3786,0,0,ultim road destruct
3787,0,0,self destruct mode
3797,0,0,sure made impact
3829,0,0,apollo brown deton feat mello music group soundcloud
3832,0,0,messag will self deton
3835,0,0,hope join isi ventil marin tri deton bandoli hot dog fort dix
3839,0,0,press play singl deton
3855,0,1,dorman ignit knock deton sensor connector
3858,0,0,want play googlemap mashup calcul effect deton nuclear bomb
3875,0,0,ignit knock deton sensor acdelco origin equip
3876,0,0,favorit trivium deton soundcloud
3893,1,1,way hiroshima today anniversari deton atom bomb
3901,0,1,richmond coach devast hear death second driver chanc who sit jam
3903,0,1,zayn malik perri edward end engag devast
3921,0,0,foto love isn anymor last album made red devast record
3927,1,0,devast
3935,0,1,indoor will devast rip arfur georgecol
3938,1,0,devast today alleg
3952,1,1,year atom bomb japan still struggl war past anniversari devast wrought
3957,1,1,ray devast far comprehens hiroshima
3961,1,1,classic www hiroshima nagasaki atom devast hidden decad peopl hiroshima nagasaki
3973,1,0,countri latin america next argentina week ago report econom devast
3975,0,0,devast smash phone
3979,1,1,thorium radioact weapon scandal murder environment devast video
4000,1,1,natur disast research urgent jakartapost
4005,0,0,can see favorit book beauti disast may now mine
4011,0,1,strengthen partnership afterhaiyan haiyan yolandaph philippin livelihood disasterrecoveri disast
4017,0,1,deal disast
4032,1,1,msgdo welfarework green welfar forc appx member har time disast victim help liy tyar hai
4051,1,1,potus strategicpati strategi genocid refuge idp intern displac peopl horror
4052,1,1,dead injur displac syria visit canada
4054,1,1,myanmar displac rohingya sittw point return prison like conditionspriv
4057,1,1,kca votejkt news updat famili displac fire damag hous near osborn fire extinguish
4063,1,1,least dead million displac india flood india reliefweb
4083,0,0,displac person imag
4085,0,0,cost fat displac ask friend
4089,1,1,crime kill displac million systemat tortur carri look grahamwp fire gun arrest
4091,1,1,myanmar displac rohingya sittw point return
4093,0,1,billboard hot chart displac social media driven music chart
4095,0,0,want hear displac parent die diaspora
4098,1,1,nevada except drought steadi drought
4103,1,1,worri drought affect extrem weather dampen economi
4108,0,1,makewaterwork okanagan drought rate max okanagan valley westerncanadadrought
4116,0,1,time away drought check cloud iot help conserv water
4141,1,1,purpl activist thought drought
4146,0,0,eeri way reveal histori possibl fate cadrought lakeisabella
4149,0,0,drown water enter lung be aliv caus great countri fall shit pussi
4152,0,0,littl gecko chillin garden end help suspect drown
4154,0,0,carri insid can see hold down like anchor drown sea
4160,0,0,just down drown can swim
4171,0,0,hope drown
4173,0,0,gon na drown mustard lemon pepper
4177,0,0,told can drown drink water
4183,0,0,weekend nathan birthday weekend want drown beer reckless potenti die hmu
4191,0,0,go drown sorrow sad music brb
4197,0,0,drown like way think allthekidneybeansandsorbet misha yes
4198,0,0,tear drown terribl tast natali gave steak chees cheer
4204,0,0,jacksonvill famili band memori plan toddler who florida
4209,0,0,told drown last year labor let mention
4224,0,0,noooo drown onc tho
4243,1,1,hundr migrant fear drown libya migrant stand next tent camp set near calai
4247,0,0,jack close sketchbook bite lip mask
4257,0,0,explan request want job constant drown work
4269,0,0,will stay drown watch nashsnewvideo
4270,0,0,sometimesi can breath well feel like drown can deal fear anxietyproblem
4274,0,1,boy save autist brother drown year old main dove pool save autist brother drown
4276,0,0,epilepsi claim common still challeng treat superhero toddler rare epilepsi dravet drown
4279,0,0,drown spirit wash
4296,0,0,feel like drown insid bodi
4299,1,1,poor sod arriv amman yesterday dust storm divert ben gurion airport
4301,1,1,nasa modi imag dust storm morocco strait gibraltar duststorm
4312,1,0,keep sneez place southern dust storm hous talkin smack
4314,0,0,dust devil mainten fee buy rotari storm guard uvopwz
4322,1,1,dust storm riyadh
4323,0,0,mad max screenshot show love dust storm combat magnum opus
4325,0,0,mad max screenshot show love dust storm combat magnum opus cogxbox xboxon xbox
4326,0,0,answer friend yell wind latest articl read share thank
4327,1,0,need dust storm film asap watch trailer time
4332,1,0,caught dust storm challeng real estat market common video
4334,0,0,move crescent format small trail dust left wake move
4348,1,1,earthquak sismo interlaken california time utc
4353,1,1,earthquak sicili itali iphon user download earthquak app
4354,1,1,usg twentynin palm california time utc earthquak
4355,1,0,post song earthquak
4357,1,1,sismo near coast western turkey magnitud region near coast western turkey
4358,1,1,usg ssw anza california time utc earthquak
4359,1,1,earthquak occur anchorag alaska utc earthquak anchorag
4361,1,1,raffi sustainourearth oklahoma act limit earthquak risk oil gas well scoopit love thi
4362,1,1,usg northern california time utc utc epicent earthtwerk
4363,1,1,scseestapreparando light mag earthquak khuzdar pakistan wedn
4365,1,1,usg twentynin palm california time utc
4374,1,1,gns see unnecessari death result earthquak strengthen legisl
4375,0,1,small earthquak don worri emili rossum fine difficultpeopl great
4377,1,1,earthquak sismo anchorag alaska time utc
4388,0,1,thx great encourag video come apocalypt earthquak tsunami
4397,1,1,scare live seattl predict earthquak go destroy
4398,0,0,kind follow back
4405,0,0,extens cord extend bed bath tub let pray don electrocut
4407,0,0,wtf thoma edison make lightbulb electrocut anim think tesla power unsaf wank
4408,0,0,achiev unlock replac light socket electrocut self
4413,0,0,sea will electrocut
4415,0,0,electr gas brew want electrocut question
4423,0,0,mom friend still see friend littl babi care electrocut
4425,0,0,say love come help sea electrocut
4428,0,0,piss pikachu electrocut
4430,0,0,let passeng
4436,0,0,serious will electrocut half armi can touch bangtan play game come bts
4442,0,0,sea electrocut
4452,0,0,phone charg lighten struck backyard hold phone electrocut hand hurt bad man
4456,0,0,woman electrocut red redblood videoclip
4465,0,0,be electrocut way round map sure look like
4468,0,0,electrocut last night work first time life shit weird
4472,0,1,treatment tiger china appal electrocut front businessmen eaten saveti
4479,0,1,babi actual electrocut wall socket wonder surviv childhood
4482,0,0,queer sultri summer summer electrocut rosenberg didn know york
4493,0,0,shower went chang song cours fuck electrocut cord
4508,0,0,emerg surgeri
4509,0,0,deal temporari fake tooth teeth replac kit emerg dental oral care cosm
4518,0,0,child need emerg care can seen emerg depart specialist
4519,0,0,stl ace grill surfac mount speedtech light amber emerg light
4529,0,0,eye nation broader conserv communiti alaska reinstat emerg buffer protectdenaliwolv
4534,0,0,lean think quicker polic emerg respons time
4537,0,1,heroin addict share stori citi leader sound alarm citi offici emerg team respond
4546,1,0,suppli instal frp emerg slide tuna kijangbank negara malaysia close date
4551,0,1,builder dental emerg ruin plan emot blackmail afternoon bump
4557,0,0,niec especi kid megan swanger ruthann mccormick daisi henley
4561,1,0,tip famili emerg plan
4562,1,1,activ emerg plan sever thunderstorm warn yyc abstorm
4563,1,1,citi calgari activ municip emerg plan
4571,1,1,hello calgari import news advis
4585,0,1,senat call emerg hous boxer feinstein back plan move homeless vet campus
4589,0,0,emerg drink water plan download guid english spanish french arab vietnames
4596,0,0,counti overload prompt emerg plan juli celebr
4598,0,0,haha compar emerg servic that brilliant talk ars
4601,0,0,join provid health servic team see latest nurs job open here torranc hire
4606,0,1,american famili who serv militari work emerg servic work
4616,0,0,public hear budget thur emerg servic ctr goshen
4617,0,0,appli now work digniti health emerg servic full time siena campus henderson job
4620,1,1,remov tsunami debri west coast karen robinson enviroment emerg servic manag
4628,0,0,healthcar job kodiak emerg servic supervisor emerg provid health servic job
4634,0,0,hire read latest job open here emerg depart psychiatr fte day
4642,0,0,thought recognis smile believ emerg servic best perform art follow simon
4646,0,0,missionhil nurs regist nurs emerg depart full time provid health servic
4649,0,1,just saw car fulli engulf flame hahah
4656,1,0,came land engulf tribal war turn land peac madinah prophetmuhammad islam
4661,0,1,tube strike live latest travel updat london engulf chao cross london travel will accept
4667,1,1,tube strike live latest travel updat london engulf chao
4682,1,1,fulli engulf garag fire propan tank insid sunnymead
4689,1,1,car engulf flame back traffic parley summit
4698,0,0,remark puni idea place epicentr post capit epoch
4702,0,0,think time epicentr haha
4704,0,0,tanzania eleph popul declin year census reveal
4705,0,0,need spot drink special kinda tire epicentr
4708,0,0,littl studio middl epicentr communic
4712,1,1,chicago organ lollapalooza say reopen music festiv threat storm prompt evacu
4714,1,1,disast control team studi way evacu port area respons tidal wave warn
4716,1,1,fire alarm go zehr keep work minut decid evacu
4724,1,0,cascada evacu dancefloor offici video
4725,0,1,disregard snap stori angri white girl riot happen speak evacu
4734,0,0,jay alexi broke goe faith goal peopl evacu
4735,1,1,dealbreak dealbreak abandon ship evacu build
4748,0,0,second bitch evacu
4755,1,1,tonight be interest minut ago fire system went evacu build
4762,1,1,know murfreesboro walmart evacu even
4765,1,1,green line servic south side disrupt cta train derail passeng evacu
4770,1,1,evacu mall
4785,1,1,passeng evacu lane block power line come down gold coast tram
4786,1,1,alert sandi hook elementari school evacu bomb threat
4797,1,1,rocki fire
4799,1,1,entir town roosevelt wash evacu wildfir
4800,1,1,katunew remain close brush fire burn acr liveonk
4812,1,1,faan order evacu abandon aircraft mma faan note action due
4823,1,1,vietnam war patch evacu hospit highland medic
4835,0,0,look guy live stream guess evacu cost front
4842,1,1,updat gnwt just issu voluntari evacu order cabin owner pickerel lake near reid
4845,1,0,school just put evacu alarm accid trial exam happen kid
4846,0,1,walk down middl michigan ave last sunday lolla evacu
4848,1,1,voluntari evacu be recommend time pickerel lake cabin across highway reidlak fire say maca nwt yzf
4849,1,1,ibrahimmisau faan order evacu abandon aircraft mma twitter
4859,1,1,evacu order lift roosevelt wildfir miss town komo news
4860,1,1,gas leak forc evacu east saint john
4864,0,0,ryan doesn releas music soon explod
4868,0,0,eat make mouth explod joy soul rise upward
4869,0,0,hous start explod height
4877,0,0,cold head want explod joy work home go back bed peac
4888,0,0,version charact charact world explod rin shizun misha emi kenji yuuko nomiya hisao
4889,0,0,philadelphia eagl jordan matthew go explod news hotnewscak
4895,0,1,mess gon na explod
4906,0,0,head gon na explod
4912,0,0,admit sera sasha cute peic ass explod sidewalk
4917,0,0,dead love photo heart explod million piec
4919,0,1,final medinah updat shot front explod back imkeepingmydayjob pic famous
4920,0,0,well chane ipad screen fuck explod glass went place look like job go need
4929,0,0,read break hour twitter notic worri twitter wasn explod
4934,0,0,told year ago see anim big screen explod
4936,0,0,reason explod
4940,0,0,holi crap phone just explod haha
4944,0,0,now replac sarcasm meter just explod
4946,0,0,haha exact cosima definit hot seat lol shay bomb explod
4966,1,1,report corey brewer drug test point explos
4970,1,1,larg explos rock aluminum plant southeast missouri naomi logo
4971,0,0,don think close mental explos long
4978,1,1,time laps map nuclear explos isao hashimoto war atomicbomb
4979,0,0,let dope pictur dopest explos
4984,0,0,mencius tear wors correct take explos pain day day right
4995,1,0,miss bitcoin explos don miss hangout tonight est
4996,1,1,kindermorgan gas explos
5000,0,0,bad ass mood today elev school decid explos nose everytim press button
5017,1,0,wpri eyewit news rhode island set modern vote equip wpri eyewit
5018,1,1,eyewit account survivor hiroshima glean number oral histori project
5025,0,1,interest approach doesn replac eyewit video ferguson case video
5028,1,0,hamburg polic chief gregori wickett told eyewit news can confirm deni investig underway
5033,0,0,civil right movement eyewit histori seri wexler sanford hardcov
5038,1,0,wftv eyewit news school psychologist arrest florida child porn charg
5041,0,0,aug radio show articl eyewit account abort organ harvest plan parenthood
5049,1,0,true tbt eyewit news wbre wyou
5050,0,0,eyewit travel guid chicago dorl kindersley publish staff travel book ebay auction
5068,0,0,ppl like unu feast today famin tomorrow
5072,0,0,exampl low food price caus farmer broke famin next year mean simpl capit fail feed peopl
5083,0,1,russia destroy food peopl hungri onli one insan
5098,0,1,remind peasant destroy food stalin armi came redistribut wealth caus famin death
5102,1,1,food crematoria russia provok outrag crisi famin
5103,0,0,robert conquest famin museum kiev
5110,1,1,russian food crematoria provok outrag crisi famin memori yahoo news
5119,1,1,investig shift focus caus fatal waimat fire
5122,1,1,polic man earli die shoot vermont
5126,1,0,near fatal pee san francisco
5131,1,1,man charg fatal crash near dubbo refus bail
5132,1,1,california man face manslaught charg sunday wrong way fatal crash
5149,0,0,robert ballew log statement fatal level
5162,0,1,exclus fatal involv duti nypd cop year onli
5170,0,0,who veg fruit hope injuri fatal
5176,0,0,reject mortal kombat fatal mortal kombat stretch boundari
5177,1,1,minor train leav rail major smithsonian interlock derail crash barrier wall fatal
5182,0,0,road wise prevent carnag continu let fatal holiday period ggindependencmessag
5188,0,0,mortal kombat fatal meat
5190,1,1,rcmp report fatal injuri result collis tch near whitbourn
5191,1,1,govt alloc flood action issu take centr stage fatal veneto
5193,0,1,like video tremor joke tremor dlc fatal ray
5194,0,0,motordom lobbi chang languag traffic fatal need back futur visionzero
5197,0,0,mortal kombat excel fatal fun mortal kombat sega version
5203,1,1,train accid fatal year run increas passeng journey
5204,0,0,fail see bring number road fatal down immens
5211,0,0,jay big pun biggi wrap zero question fatal flawless victori
5212,0,0,cuddl right now
5218,0,0,savag leak thoma bradi gangstermail account wonder quick fatal samsung mobil real son
5220,0,0,hibern pbx irrespect pitch fatal career pan crbzfz
5228,1,1,kosciusko polic investig pedestrian fatal hit train thursday
5233,0,0,need team need
5256,0,0,ad video playlist sws fatal captain falcon snow fox ssb loser
5257,1,1,death loretta fuddi respons authent obama birth certif sole fatal plane
5262,0,0,fear factori decemb deal
5264,0,0,mean pick chang life overcom fear behold wonder tcc catch light endless
5265,0,0,cheeki bleed comput screen recoil fear
5271,0,0,fear organ fluctuat disturb imbal primari sourc creativ margaret wheatley
5281,0,0,help win share articl lifetim fear thank blackinamerica growingupblack
5282,1,1,refus nation live fear be shot unawar intox crazi peopl
5284,0,0,want stay side special night fear loath las vega solitud mas
5287,0,0,world say finish god say don fear choosegod restoringpath
5296,0,0,live balanc life balanc fear allah hope merci love
5298,0,0,coupl sex fear let down internet movi book say sex
5301,0,1,walk dead spin fear walk dead
5306,0,0,idea wrked hard now fear live poor fran reed
5313,1,0,morganit gemston white fire opal sterl silver ring size
5315,0,0,marquei como visto game throne kiss fire bancodeseri
5316,1,0,save date saturday august salisburi fire depart open hous cypress
5322,1,0,asshol fire
5323,0,0,cri song just end set fire
5325,0,0,sit fire sound great right now
5338,1,0,wcw tha bitch fire
5341,0,0,eye word ici burn like rum fire
5343,1,1,like fire
5345,1,1,california shake catch fire overcharg ppl rent past year go
5349,1,0,promis tax pancak rainbow die fire
5352,0,1,word charli daniel fire mountain run boy run
5356,1,0,may like fire littl burnt
5379,1,1,northgat taco truck fire
5381,1,1,fire truck ambul phase hope okay prayforsaipan
5383,1,1,true truck caught fire
5384,1,0,ohgod didn mean fire truck back
5385,1,0,came across fire video mine enjoy babe way say fire truck fireman
5404,1,0,there fire truck park
5407,0,0,choos happi fire truck rest review kick push
5411,0,0,lukebox first respond militari true hero music
5417,0,0,love way book written includ vantag point first respond kindl
5425,0,1,carmik cinema antioch shoot grate staff first respond safeti highest prioriti
5426,0,0,roadid thank alex stori first respond be need
5428,1,1,just ad sandi first respond lost home vip home page group
5432,0,0,juneau empir first respond turn nation night
5437,0,0,don throw word hero light reserv first respond militari hero
5442,0,0,still room parti first respond countri annual best
5443,0,0,incas accid first respond know babi present
5450,1,1,live lost first respond public charg protect
5458,0,1,firefight gain rockyfir jerri brown head area meet first respond tomorrow morn
5459,1,1,shoot event theater give free coffe first respond polic firefight antiochhickoryhollow
5462,0,0,snap tool black basebal hat cap silver gray embroid logo flame full
5475,0,0,guess can say hope went flame
5477,0,0,lil chanc flame
5480,0,0,gang walk round brown flame that
5493,0,0,optimist side doubt tough can feel like game will pivot defens
5498,0,0,bloodi ell let burn rubybot
5506,0,0,shot tomorrow caus record flame will thrown tomorrow
5510,0,0,advantag apropo flame favor regard mississauga ontario pwhvgwax
5515,0,0,road success pave penni flatten train track welcom
5518,0,0,idea food flatten
5522,1,1,year ago first atom attack flatten hiroshima day later nagasaki war crime put moscow place
5524,1,1,today august anniversari bomb littl boy drop hiroshima kill outright citi flatten
5525,0,0,just flatten littl midget
5528,0,1,flatten machida lose fight nope lost fight guy shouldn lost
5529,0,0,floor flatten earli bird cup lag bout pun dock watch ppl drink
5531,0,0,conklin be flatten shuffl feet kick slide didn hand chest
5534,0,0,pick flatten hay men masonit wahpeton
5539,0,0,hide kid hide wife loos thought flatten ball
5545,0,0,flatten raynor raynor bald imperfect biker marin emo generic western hero
5547,0,0,think risk lose nose flatten
5558,0,0,flat footbal like flatten spartan crush back day hail
5559,0,1,seen far dreami look came face ear flatten start walk slowli
5563,1,1,jkl cancel flash flood warn bell harlan knox
5586,1,1,iembot hfo nnw hana maui counti offici report coastal flood
5590,1,1,bmx issu areal flood advisori shelbi aug
5608,1,1,flood advisori issu august august nws urban weather
5617,1,1,sever thunderstorm flash flood possibl mid south midwest weather environ climat natur
5620,1,1,flood
5626,1,1,flood ukflood british trekker rescu flash flood himalaya group british flood
5631,0,1,wave flood shore can find way home anymor look
5638,0,1,grate support flood dinner guest thank
5642,0,0,soon start flood comment section come brazil comment will
5645,1,1,burst water caus major flood birmingham hospit omg
5646,1,1,heavi rainfal flood northern vietnam situat report
5650,1,1,flood disast burst water pipe flood apart nycha senior center burst water pipe flood
5653,1,1,resid central part ocean citi heard engin flood mitig option tuesday ocnj
5661,0,1,slip slide away flash flood writer toni nester writingtip
5663,1,1,myanmar flood heavi monsoon rain month juli caus flood flash flood landsli
5664,1,1,india peopl taken shelter relief camp govern set flood
5669,1,1,grant like half town flood rain still
5671,1,1,hope mountain dew erod throat flood lung leav drown death
5707,0,0,soon mainten end flood server server destroy extrem load mainten start anew
5712,1,1,care who live west beaverton forest grove rapid spread fire head east
5720,1,1,set forest fire
5721,1,0,like video cole fire squad forest hill drive
5727,0,0,grill school function grill go pretti forest fire inbetween made work
5730,1,1,forest fire here socal onli fire watch realhiphop
5732,1,1,forest servic firefight david ruhl die frog fire modoc nation forest temporarili reassign
5733,1,0,usf acronym unit state fire servic
5736,1,1,onli can prevent forest fire
5764,1,1,group florida forest servic firefight deploy california help contain fire detail
5778,1,1,forest fire delay offici say
5783,1,1,friend talk forest fire forest tell drop mix tape straightfir
5789,0,1,great michigan techniqu camp thank goblu wrestleon
5793,1,1,lzk issu sever thunderstorm warn wind mph hail sharp
5800,1,1,cue storm massiv wind hail now power outag davidson counti
5815,1,1,warn central hill hail mph wind affect sturgi later tonight kotaweath
5816,0,0,man kno
5822,0,0,come atcha boston golfbal size hail yesterday sunni amaz sky today parkchat
5834,1,1,unr issu sever thunderstorm warn wind mph hail weston custer fall river lawrenc mead pennington
5840,1,1,freak boston hailstorm produc hailstorm busi auto bodi repair specialist tonight
5848,1,1,love summer calgari yyc hailstorm crazyweath
5854,1,1,twin storm blow calgari
5858,1,1,hail abstorm yyc hail hailstorm haildamag yycweath calgari captureyyc alberta sto
5868,1,1,canada hailstorm flash flood slam calgari knock power
5876,1,1,stephen ave flower pot littl rip hailstorm today yyc abstorm calgari iamdowntown
5881,1,1,grow calgari avoid worst citi wick weather
5883,0,1,calgari transit review polici leav hundr commut strand hail
5886,0,0,think celebr treat ppl harm
5888,0,0,tri harm cupcak fuck hunt down end earth harrybecar
5889,0,0,vanderbilt first harm
5891,0,1,imagin doctor treat ebola patient place harm way
5893,0,0,burn self harm way dumbass shouldn allow fire way
5904,0,0,standard test harm children color can
5908,0,0,mean harm best way see fit
5911,0,0,sex worker say credit card ban onlin ad harm
5912,0,0,can harm angel
5918,0,0,just reblog pictur self harm scar can
5922,0,0,world bros don wan na see harm come way ima lil upset right now
5927,0,0,yes harm guardrail now will big problem school start
5930,0,0,self harm angri tag scar tumblr jesus christ dont wan na trigger
5932,0,0,idk feel like movi harm look sterotyp annddd color preval sort
5933,0,0,qualiti metric penalti may harm patient care pcps say primari care physician general hold posit view
5954,0,0,eden hazard hockey
5961,0,0,freak accid sure look blame mayb rememb player broke leg cuz cart back end zone common sens
5962,1,0,decemb court dismiss group charg rape victim say rape occup hazard militari isi
5982,0,0,fair best attack winger prem hazard willian who will basic start game
5985,0,0,wholesal gon rep hit cost hazard wholeteam wholesal
5995,0,0,aren dangl pierc crystal potenti hazard eye
6000,0,1,dam gms olap world pres recogn hazard wast multidimension
6038,1,1,heat advisori effect thursday build heat wave increas humid lawx
6043,1,1,japan heat wave intensifi death toll surg
6047,1,1,condemn death due heat wave karachi may allah patienc heir
6049,1,1,cork citi ireland degre today heat wave haha
6053,1,1,uae cool mideast heat wave rain watch latest video ncms issu warn thunder rain poor visibl
6055,0,1,well seen now bummer heat wave tho prefer rain
6057,1,1,jackson longest streak tripl digit heat forecast dalla
6058,1,1,read forecast longest streak tripl digit heat happen next
6071,0,0,cherri print match lipstick just rediscov nar heat wave
6091,0,0,tour day hellfir cave love investig place
6104,0,0,dont think sew thought leather belt work well lol
6120,0,1,okay just messag twice suspici sorri check
6130,0,0,idea time ignor fadc can expect
6141,0,0,day bug fulli patch come activ exploit hijack mac
6167,0,0,mac
6187,1,1,governor allow parol california school bus hijack who kidnap children
6192,1,0,san jose mercuri governor brown allow parol california school bus hijack
6195,0,1,hijack turn sat tutor who evad author decad
6196,1,1,governor allow parol school bus hijack
6208,1,1,mediev airplan hijack testa earn distinct diver htarvrg
6234,1,1,governor allow parol california school bus hijack santa cruz sentinel
6269,0,1,vehicl hijack vosloorus gauteng white toyota conquest bkb
6271,0,1,come will face mcourt attack parliment hijack station
6294,0,0,tell mom bring food will hold cat hostag
6299,1,1,quot here cnn purport isi video threaten croatian hostag
6306,0,0,who shadow holdin hostag here day
6312,0,1,horrif stori be hostag horrif stori be hostag british
6318,0,0,email trinna hold hostag rap
6329,1,1,sydney hostag crisi now recov airasia wreckag
6331,1,0,near year releas captiv legisl be introduc congress compens
6336,1,1,hot special modifi land stadium rescu hostag iran prebreak best
6340,0,1,russia stood down cold war nuke ban face ocean superior uncondit surrend next putin game set match releas hostag
6341,0,0,broadcast journal hostag fortun quot televis blind quot oper superv
6343,1,0,holmgren world cup lou hostag
6354,1,1,news hostag terror africa nri news trs tdp bjp
6358,1,1,special modifi land stadium rescu hostag iran submitt aviationaddict
6373,1,1,cruz iran deal leav american hostag languish iran noirand tedcruz
6387,0,0,wonder who will win here wonder grape real
6393,0,0,lol welcom
6396,0,1,see hurrican guillermo meteoearth
6403,0,0,mile hurrican fun make wet hot
6405,1,1,cape coral citi leader take part mock hurrican train
6412,0,0,nowplay rock like hurrican scorpion
6417,1,1,angelriveralib snowden may broken law hurrican katrina may caus damag snowden
6429,0,1,prob
6436,1,1,milit attack polic post udhampur spos injur suspect milit thursday attack polic post
6448,1,1,check udhampur terror attack milit attack polic post spos injur suryaray india
6453,1,1,top stori googl dead dozen injur gaza blast near hous level summer war
6459,0,0,work injur secur concern settl tortur
6461,0,1,can believ blevin injur fall curb happen expect player
6463,1,0,come scott rice doesn shot hold lefti averag injur
6466,0,1,offer delux toilet safeti support health home bathroom support elder injur
6467,1,1,washington post dead dozen injur gaza blast near hous level summer war
6469,0,1,ogun smuggler engag custom shootout person alleg injur wednesday men
6470,0,1,support cosponsor support sick injur respond renew health
6490,0,0,possibl injuri ankl wors regardless
6505,1,0,health care profession deal gun violenc sequala consid suicid injuri accid homicid
6515,0,0,forsur back gym tomorrow bodi isn don wan na risk injuri
6529,0,0,line pass rush rest roster stout bar injuri
6530,0,0,diego costa need injuri urg
6536,0,0,rori mcilroy test ankl injuri weekend practic chinadotcom sport
6542,0,0,texan hope wrong radio houston starter foster injuri
6546,0,0,enter world extrem dive stori volga river
6550,0,0,poster ergo rotat cuff injuri recoveri kit super high convert rotat cuff inj
6553,1,0,dal news wednesday injuri report lanc dunbar injur ankl list day day
6554,0,1,dant exum knee injuri stem jazz hope surg back
6567,0,0,follownflnew michael floyd hand injuri shouldn devalu fantasi stock nfl news playoff
6568,1,0,mcfadden report test hamstr thursday
6569,0,0,level tita dom bowl injuri
6570,0,1,just be link arsenal caus injuri
6571,0,1,incid injuri inner loop exit georgia ave silver spring
6572,0,0,cowboy wednesday injuri report lanc dunbar injur ankl list day day
6576,1,0,quirk injuri law news stori
6585,0,0,laoi girl advertis friend replac love bff inund
6586,0,0,inund year
6593,1,1,bodi shop inund car dent hail news insur pay bad news stuck deduct wcvb
6601,0,0,brother don want friendship want add commerci post frank inund crap daili
6608,0,0,amaz inund mistress
6611,0,0,listen grandad talk holiday great don want inund train photo
6621,1,1,myanmar presid urg peopl leav low lie southern delta region thursday rain water inund coun
6628,0,0,pfft wish bot like daili inund charact unhing machismo bullshit
6629,0,0,tech data overload grow demand context structur world inund news
6634,0,0,correct come side mayb just friend rep feed inund fals claim
6636,0,0,reason constant drake inund extrem annoy drake land
6637,0,0,boot heart social media inund start
6648,0,0,sprinkler faq lawn inund system answer ebb
6649,0,1,caught landslid
6654,0,1,seat major vote landslid
6658,1,1,armi veteran fear loos rock dunde landslid kill moment face hail bullet
6661,0,1,inbound bound pick nat win east landslid current sit
6665,0,0,speak memor debat second know ronald reagan landslid romp elect day
6668,1,1,latest landslid kill near venic heavi rain
6672,0,0,win landslid perfect word caus mud
6675,1,1,dunde news armi veteran fear loos rock dunde landslid kill moment
6679,0,1,method contempl incid lead bridal landslid wiwnpfxa
6682,0,0,biggest depreci cad usd feder elect coincid landslid win opposit
6688,0,0,landslid trip skardu
6697,0,0,joe smart run presid perfect american peopl love asshol win landslid
6703,0,0,hand cold feet warm keep lava
6707,0,0,neighbor kid watch play disney lava song uke left journey don believ kidstheseday
6708,0,0,put face heart broke buy lava cake smh
6709,0,0,may littl exit home made lava lamp sourc
6719,0,0,lava cake fav
6723,0,0,like video minecraft lava door tutori xbox
6737,0,0,babi oliv swim class cri entir class like parent waterboard dip lava
6738,0,0,let play floor lava just floor let play whole world bed
6751,1,0,dog lightn reshap rock atom level lightn strike can reshap miner crystal structur
6760,1,1,rain guy tree hit lightn jackhol drove flood street
6769,0,0,thank thank
6773,1,1,lightn caus fire vancouv island
6776,1,1,dri thunderstorm lightn possibl pinpoint valley forecast
6783,0,0,be subject unwarr sexual convers
6795,0,1,check lightn reshap rock atom level scichat scienc
6796,0,0,walk away say see lightn eye see run live
6799,0,0,kabwandi break news unconfirm just heard loud bang nearbi blast wind neighbour ass
6804,0,0,ercjmnea break news unconfirm just heard loud bang nearbi blast wind neighbour ass
6808,0,0,tarmineta break news unconfirm just heard loud bang nearbi blast wind neighbour ass
6809,0,0,shawi shawi break news unconfirm just heard loud bang nearbi blast wind neighbour ass
6813,0,1,tianta break news unconfirm just heard loud bang nearbi blast wind neighbour ass
6824,0,0,matako bot break news unconfirm just heard loud bang nearbi blast wind neighbour ass
6828,0,1,peac sit room heard loud bang fall
6832,0,0,matako break news unconfirm just heard loud bang nearbi blast wind neighbour ass
6848,0,0,don laugh loud man lol big bang theori
6849,1,1,nagaski act mass murder sanction forgiven caus alli won
6862,1,0,concentr camp mass murder come fuck time
6867,1,1,hiroshima histori worst exampl mass murder hiroshima war atombomb japan
6877,1,0,attempt mass murder brought obama administr
6896,0,1,okay sure word mass murder appli war horrend
6900,1,0,hillari mass murder
6903,1,1,kach group belong baruch goldstein mass murder who shot kill palestinian
6905,1,1,think onli like black mass murder histori mass murder white peopl shit
6921,1,1,remind mass murder white supremacist ander breivik unsurpris
6925,1,0,step mass murder portrait yuan
6928,1,0,take mass murder just
6929,1,1,happi boy mass murder
6953,0,0,friday palm beach counti grindhous seri night screen texaschainsawmassacr
6965,1,1,besti make watch texa chainsaw massacr
6966,1,1,petit medal massacr justic wound knee kill nativ american
6998,0,0,thank drove mayhem scari staci
7006,0,0,just like page order
7010,0,0,mayhem beauti
7023,0,0,retweet follow who followback gain follow mention
7029,1,1,asburi park shoot report
7030,0,0,seen ask pitchwar ask magic realism fantasi diff
7039,1,1,break author respond ocean fire
7046,0,0,meltdown proport commenc manag calm long turn water hot wait steam cloud vision
7048,0,0,deepak chopra epic twitter meltdown
7050,0,1,meltdown victori met
7052,0,1,meltdown mwednesday
7075,0,0,ice age meltdown
7076,0,0,mini earn letdown equal market meltdown amazon
7080,0,0,current uncontrol meltdown number
7089,0,0,read awesom book trillion dollar meltdown
7091,0,1,byproduct metal price meltdown higher silver price
7098,0,0,russian ushanka winter militari fur hat soviet badg
7106,1,1,peopl who die human experi unit japanes militari
7108,0,0,mike magner discuss trust betray militari veteran environ
7115,0,0,thank senat leadership irand militari deserv thank
7138,0,0,rememb work mcdonald hour late militari time mess
7140,0,0,pakistan suprem court ok militari court tri civilian suprem court rule empow milita
7144,0,0,mofo will leav militari unarm gun down terrorist worseit sorri ass
7148,0,1,sterl scott red carpet fundrais oso mudslid
7149,0,0,stu put beetroot cake lost mudslid
7150,0,0,think mudslid cake ladi will hipster will unfortun stay
7154,0,0,hope dorett mudslid cake win gbbo
7155,0,0,look like mudslid like chew rubber gbbo
7157,1,0,year old smug face dorret bring mudslid black forest gateau priceless gbbo
7158,0,1,pretti disast gbbo mudslid
7160,0,1,look like mudslid poor greatbritishbakeoff
7163,1,1,flood mudslid warn east fjord iceland review icelandreview
7179,0,1,mudslid
7188,0,0,bakeofffriend gbbo mudslid guy hat
7193,0,1,first time gbbo physic gasp cake mudslid incid way emot invest
7201,0,1,lol natur disast hospit crisi need rid cast member
7204,1,0,natur disast angri
7218,0,0,love like water slip finger natur disast love
7223,0,1,natur unavoid consequ social
7227,0,1,book flight burma countri endur polit unrest natur disast wonder cheap
7228,1,0,askconnor natur disast
7229,0,1,overrun natur disast surviv server
7234,1,0,world peopl aren die natur supernatur disast war like
7247,1,1,beforeitsnew execut prosecut fukushima nuclear disast
7261,1,1,execut prosecut fukushima nuclear disast
7264,1,1,can public vote next annual villag disast want isi strike nuclear accid end
7268,1,1,want see hiroshima nagasaki nuclear bomb disast beauti world let peac save human civil
7272,1,1,refuge nuclear disast western japan will thousand least afp guardian wps nytim
7275,0,0,trump can say nice nuclear power drill babi drill agw denial polici disast nuclear power
7287,1,1,death certifi govern nuclear disast death
7291,1,1,nuclear polici japan respons nuclear disast will repeat failur annonym guardian nytim reuter
7302,1,0,quick nuclear reactor come oper year
7312,0,1,crazi netanyahu argument iran can flush nuclear reactor down toilet
7334,1,1,salem nuclear reactor shut down electr circuit failur pump
7335,0,1,finnish minist fennovoima nuclear reactor will ahead worldnew news breakingnew
7338,0,0,finnish minist fennovoima nuclear reactor will ahead
7343,0,0,hamptonroadsfor navi sidelin newest sub
7352,0,0,fun instagram bush earlier week onli want obliter plan parenthood
7359,0,0,obliter shadow realm
7366,0,0,wwe univers mode part obliter
7372,0,0,sir wish now forc obliter
7373,0,0,focus go obliter career tea
7381,0,0,meek mill beg nicki minaj let obliter ovofest nowplay
7393,0,0,now prepar obliter rapid complet product enterpris japanes ground citi
7410,0,0,wacko like michelebachman predict world will soon obliter burn firey inferno can accept globalwarm hello
7416,0,0,destroy zimmerman fan club twitter obliter renewsit reduc sock acc
7418,0,0,kid rememb hear rule day defens strip brock obliter
7424,0,0,obliter last night
7439,0,0,glad obliter men first class fulli deserv soz
7444,0,0,think obliter tonight
7447,0,0,interest god order obliter ancient canaanit
7459,0,0,side set obliter govt fix far
7463,0,1,onli squad obliter
7476,0,0,god order obliter ancient canaanit downfal societi
7496,1,1,deepwat horizon oil spill distribut fund settlement road bridg project bal
7519,1,1,hannah hiroshima sound like place china isn oil spill
7529,1,0,slicker oil spill
7530,1,1,plain calif oil spill larger estim
7534,1,1,refugio oil spill may costlier bigger project news
7543,1,1,senat voic concern oil spill settlement
7547,1,1,famili sue legionnair famili affect fatal outbreak legionnair diseas edinburgh
7565,1,1,famili sue legionnair famili affect fatal outbreak legio muhamadjab
7582,1,1,legionnair diseas be dead outbreak worst outbreak legio losangel
7584,1,1,famili sue legionnair diseas outbreak edinburgh bbc news
7585,1,1,news famili sue legionnair famili affect fatal outbreak legionnair
7600,0,0,element freedom biggest parti summer mirag saturday ticket
7605,0,0,govt pass bill pandemonium upa nda
7607,0,1,sfa soon pandemonium
7611,0,1,pandemonium fav
7616,0,0,hey take look review pandemonium requiem lauren oliv enjoy
7623,0,0,shock woman deliv faceless babi photo pandemonium bennycapricon
7628,0,0,don know bout pandemonium album shestooyoung
7656,0,0,plane panic kind douchebag bubbl gum
7659,0,0,ad video playlist panic disco girl girl boy offici video
7661,0,0,just drove parent car lmao panic attack wait happen
7669,0,0,crippl anxieti overwhelm panic attack say fair well adjust
7670,0,1,panic patient alabama test negat
7674,0,0,panic disco best song gospel acoust
7679,0,0,say concern panic game left game left
7683,0,0,look like georg panic attack lol
7686,0,0,ask monkey fist feet long panic snap like pictur
7687,0,1,tomorrow go year went panic concert dress afycso ryan guy rememb
7688,0,0,romant dramat panic origin sensei write rhyme attic
7692,0,0,school today panic attack thank high school suck
7694,0,0,panic disco amo
7695,0,0,laughtrad panick market down see posit capitul joke come may ugli
7696,0,0,save panick helio
7698,0,1,yea faint panick that basic stuff
7701,0,0,post peopl final panick cabl
7721,0,0,may panick littl wasn fast submit form
7722,0,1,panick made tire want sleep bed
7723,0,0,brit panick
7731,0,0,feel like panick idk result back week alarm calm
7738,0,0,gon na lie panick littl bit vic hardi freeman practic
7746,1,1,america war terror polic took readi start shoot enemi
7752,1,1,polic kill hatchet wield gunman who open fire insid nashvill movi theater middl age man arm
7754,1,0,maid charg steal polic offic sponsor
7758,1,0,vinni jone goe beat northumbria polic
7761,1,0,polic expand search miss pregnant woman beloeil polic richelieu saint laurent expand
7766,1,0,episcop priest road trip interraci famili share harrow stori polic harass
7767,1,1,oop bounti hunter tri raid phoenix polic chief home group arm bounti
7772,1,1,polic kill gunman nashvill movi theatr time india time india polic kill
7773,1,0,oop bounti hunter tri raid phoenix polic chief home
7787,1,0,helpm friend ticket polic wayn counti michigan send poverti cycl help
7789,1,1,cnn tennesse movi theater shoot suspect kill polic
7799,0,0,reddit will now quarantin offens content
7801,0,1,reddit updat content polici promis quarantin extrem offens communiti
7803,0,0,skanndtyagi wire reddit will now quarantin offens content
7828,0,0,compani tri censor internet reddit start quarantin content
7840,0,0,love chicago game pink eye now sit design quarantin dark
7848,0,0,quarantin littl corner sick offic work pile need kinda day
7849,0,0,reddit content polici goe effect horribl subreddit ban quarantin
7851,0,0,hot reddit content polici goe effect horribl subreddit ban quarantin prebreak best
7857,1,1,here ebola run live
7887,1,1,ebola alabama home quarantin possibl ebola case articl
7888,1,1,mhtw fnet offici alabama home quarantin possibl ebola case washington post
7902,0,1,worst radiat exposur fukushima meltdown happen northwest proof small emerg plan zone don cut
7912,0,0,gasp forgot sunday omg
7914,0,1,rainstorm destroy hous yobe state rainstorm destroy hous yobe state daili trust damatu
7918,1,1,peopl kill sever rainstorm italian alp caus landslid
7924,0,1,rainstorm destroy hous yobe ireport
7929,1,1,major rainstorm happen gon na lie down drift away storm littl bebacksoon
7945,0,0,best believ wrong decis be made here memphi street here rainstorm lol folk
7950,0,0,wake sick rainstorm sad today put kook stereo let
7953,0,0,huge footbal fan know fantasi leagu patienc newbi
8001,1,1,latest home raze northerncalifornia wildfir zippednew
8012,0,0,turkish newlyw donat wed money beauti gestur still faith human
8016,1,1,retweet cameroon repatri nigerian refuge due boko haram
8017,1,0,newlyw feed syrian refuge wed cbc news latest canada world entertain busi news
8018,1,1,wowo nigerian refuge repatri cameroon
8021,0,0,imagin entir aisl dedic make peopl look like serbian refuge director whole food cloth section
8024,1,1,reaad plsss nigerian refuge repatri cameroon
8026,0,1,refuge connect indiegogo campaign will go live tomorrow support help launch onli onlin communiti refuge
8045,0,1,newlyw feed thousand syrian refuge host banquet wed dinner
8062,0,0,coastal german shepherd rescu share link animalrescu
8069,0,0,sugg vivian rescu psychrewatch
8095,1,1,briton rescu himalaya flood
8105,0,0,now skyrim await rescu
8113,1,1,news briton rescu himalaya flood
8118,1,0,homeless man travel across usa stray dog rescu help hand stranger
8119,0,1,break news tonight kid rescu play room week food water parent sex life haha
8121,0,0,rescu dog least year ago old still sweet
8133,0,0,rescu goe ribbon hit
8140,1,1,photo hundr rescu migrant await disembark irish naval vessel palermo itali
8149,1,1,world fear miss migrant med rescuer search survivor boat carri news
8150,1,1,rescuer search hundr migrant mediterranean boat carr
8154,1,0,unexplain desir watch rescuer childhooddefin
8158,1,1,video pick bodi water rescuer search hundr migrant mediterranean boat carryi
8176,1,1,news death shipwreck rescuer tri save hundr migrant
8189,1,1,rescuer recov bodi year old calgari man lake near vulcan
8202,0,0,discov listen buy riot blowmandyup
8211,0,1,selfi booth riot kappa
8215,0,0,like video thorin thought riot sandbox mode lol
8217,0,0,retweet sarah silverman walk start tracey ullman don know perfect
8223,0,0,torrecilla secret lol game check secret riot point bio
8231,0,0,pop quiz prefer feminist revolut fri ravioli porcini ricotta
8239,0,1,riot polic interven southampton vitess arnhem support clash fan clash buildup second
8246,0,1,money can buy happi just lie tell poor peopl keep riot
8253,0,0,peopl like charg inevit riot contribut lie
8261,1,1,bbcnew ass british insur say riot will cost insur million polic number reduc blind fat contr
8262,0,1,bhramabul watch run jewel defend riot ferguson social mind duo take
8274,0,1,sweden isn venezuela day riot venezuela riot direct
8278,0,1,group mascara smear girl riot will horrif think
8280,1,0,altern legal altern protest riot may peac demonstr
8283,1,1,sick crimin parent friend riot kill polic don give damn offic
8287,0,1,footbal hooligan jail riot game scotland ban match england uknew
8292,0,0,refus let life reduc rubbl shit keep pile shovel
8294,0,0,china stock market crash gem rubbl china stock market crash
8295,0,0,nuclear arm race go rubbl bounc winston churchil
8309,0,1,forb europ china stock market crash gem rubbl
8312,0,0,china stock market crash gem rubbl
8317,0,1,china stock market crash gem rubbl forbesasia
8345,0,0,can ruin mood may lost direct
8348,0,0,anxious ppl will watch meet make uncomfort let ruin moment
8364,0,0,ruin holiday wordk zmne
8365,0,0,time day just ruin
8367,0,0,ruin aw minion
8369,0,0,damn wale know ruin song
8375,0,0,ruin ruin sour cream put brick chees freezer dummi
8386,0,0,yes yes will dont wan na ruin life lol
8389,0,0,peopl let ruin life soul cervix odel definit top list
8399,0,0,like video darud sandstorm
8430,0,0,put sandstorm down
8436,0,0,darud sandstorm
8440,0,0,now play darud sandstorm radio edit
8443,0,0,slam phone ground scream ahahahga
8446,0,0,gon na scream lyric wrong lmao
8451,0,0,scream microchip needl tbh cri needl massiv haram
8459,0,0,dead ass scream sign couldn fuck believ
8464,0,0,want tweet dislik today femnism movement doesn want scream
8468,0,0,peopl scream right ear week camp twenti still day left cedarglad
8477,0,0,scream end oamsgajagahahah laighign otrametlif
8484,0,0,scream
8486,0,0,liter walk concert scream soul bless
8490,0,0,kinda scream
8504,0,0,now intern scream
8505,0,0,first time went swime basic scream smell tast bad
8511,0,0,fav scream fuck loud
8515,0,0,sorri scream car just kinda know peopl let yell
8517,0,0,peopl know who kendal jenner time instagram follow scream lmao
8523,0,0,fuck scream
8526,0,0,hey lone girl tell friend way scream name
8538,0,0,scream languag
8553,0,0,go ram ass hard shove face pillow muffl scream pain pleasur
8557,0,0,appar face scream emot attach cheat
8558,0,0,scream don scare animatron
8561,0,0,bts song jimin scream
8572,0,0,home need watch scream
8579,0,0,looney tune blake griffin commerci scream make space jam
8584,0,1,concert scream ear look like wan na loos hear anytim soon
8585,1,0,obama support death usa
8586,0,1,littl girl next see spot light sky scream mom look see angel sky
8591,0,0,scream mother
8599,0,0,learn deriv formula seismic think like like haha
8607,0,0,oil gas organ real time insight cyber threat see can help
8608,1,0,explor take seismic shift gabon somalia worldoil subscript somalia
8612,0,0,zar cring blow doesn let marek use seismic toss
8620,1,1,report ibaraki prefectur of depth maximum seismic intens earthquak
8627,0,0,agenc seek comment seismic permit
8633,0,1,explor take seismic shift gabon
8647,1,1,larg sinkhol swallow entir pond lownd counti georgia larg sinkhol occas
8650,1,1,sinkhol close falmer drive bethlehem township
8657,1,1,larg sinkhol swallow entir pond lownd counti georgia yonew
8663,1,1,beforeitsnew sinkhol grow brooklyn meter crater swallow street
8664,1,1,massiv sinkhol emerg brooklyn
8665,1,1,lomasvisto thousand hipster fear lost giant sinkhol devour brooklyn intersectio cadenadeseguidor
8670,1,0,die fall sinkhol still blame
8673,1,1,damn sinkhol sunset
8680,1,1,evansvill resid told limit water usag due sinkhol construct evansvill resid
8689,1,1,mtsalert orang blue line rider expect delay downtown due sinkhol develop vicin street
8697,0,0,nowplay sink fast now north east unsign radio listen
8700,0,0,delet abbandon sink darsena castello scaligero sirmion
8712,0,0,sink ship scarlet lane lenor replac stone saison
8720,0,0,happi exercis demon price kept rise servic kept sink goodby
8724,0,0,sink slipper put boot
8728,0,0,sink down darkest dream deep cold pain insid love dan can bear jota ess
8729,0,0,sink carb consult assembl plan subconsci self live straight lead way escap xkdrx
8743,0,0,today corii siren birthday spoil now wishlist
8752,0,0,heal reviv side game attack now siren charact girl
8760,0,0,appar go siren announc sure fun dull siren monoton sound
8774,0,0,look happi final jennif aniston marri happi
8776,0,0,pharma overload loud cri like emerg siren fuck
8778,0,0,don argu cheap now
8783,0,0,serephina siren
8795,0,1,thu aug gmt utc millcityio theramin siren
8797,0,0,block hear siren stori kid lemonad onli see life minut made talk semi paid
8799,0,0,segment antholog seri featur film treatment
8806,0,0,ouvindo sleep siren awn
8808,0,0,sirensicebreak fantasi work divers heroin think read
8815,0,0,marketforc perth name winner siren round iinet nbn buffer cat shark radio spot
8830,0,0,look nigga can follow siren
8836,0,0,rocket moon sleep siren rocket moon
8840,0,0,kyle last peopl expect like sleep siren
8841,0,0,run siren half hour hotel premium promot offer
8850,0,0,girl smoke notic start lose alot weight hmmm don know bodi want thin girl
8852,0,0,gon na nake smoke cigarett call radneck just hot here
8855,0,0,want smoke
8862,0,0,smoke ave street hottest youngin
8863,0,1,don know don smoke way taxi buse come light cigarett smoke wait
8883,0,0,smoke go lol
8892,0,0,snowstorm oil canva art paint
8896,0,0,yall poem call snowstorm meet space time rain thx watch disney chann
8906,0,0,snowstorm purifi darkest fairi tale pale moonlight
8907,0,0,mini lalaloopsi doll seed sunburst june seashor sweater snowstorm autumn spice full
8908,0,1,bring back game past snowstorm tic tac toe battleship fast food matchwood
8916,0,1,here ahh hate snow lol call snowstorm growingupincolorado
8935,1,1,photo mothernaturenetwork thundersnow hear thunder snowstorm extrem uncommon
8942,1,0,final storm
8944,0,0,gamefe warcraft inspir mode like hit hero storm let back begin videogam
8948,0,0,ebay star war storm trooper pop vinyl bobbl head figur pop funko
8949,0,1,prepar properti
8952,1,1,kesabaran membuahkan hasil indah pada saat tepat life isn wait storm pass learn danc rain
8956,1,0,secret storm vortex lightn catcher book
8959,0,1,look like perfect storm free even come check outdoor happen featur eventspalmbeach
8974,1,1,readi storm
8979,1,1,nasahurrican eastern pacif full updat satellit see format eastern pacif tropic storm hilda
8985,0,1,nasa announc massiv solar storm head straight
8989,0,1,today storm will pass let tomorrow light greet kiss bask love warmth let soul return bliss
8993,0,0,stretcher nice
8996,0,0,see programm
8999,0,0,ferno appreci em dust engin degre inspect stretcher compon
9005,0,0,organ natur horn stretcher expand earring bodi jewelri paint tribal
9007,0,0,stretcher min fujiwara shunichiro technolog
9012,0,0,homemad frozen yogurt pop luck make
9018,0,0,sweater stretcher
9020,0,0,stretcher min speaker deck
9026,0,0,be put stretcher don want see
9029,0,1,keep shape shoe amazon foot adjust shape shoe mini shoe tree stretcher shaper width extend adjust
9039,0,0,nah think stretcher foreskin think
9045,0,0,structur breakdown mayb patienc failur part
9047,1,1,virgin galact crash earli unlock brake trigger structur failur
9052,1,1,investig virgin galact spaceship crash caus structur failur pilot
9053,1,1,investig say fatal virgin galact spaceship crash last year caus structur failur
9075,1,1,investig virgin galact spaceship crash caus structur failur pilot unlock brake system
9077,0,0,cours don melt steel order caus structur failur
9080,0,0,sabotag rule structur failur
9081,0,0,caus feder failur deepli structur will easili solv
9084,0,0,structur problem just failur compet tradit soc democrat parti
9089,1,1,ntsb virgin galact crash caus structur failur trigger brake unlock earli
9090,1,1,investig say fatal virgin galact spaceship crash last year caus structur failur pilot unlock brake
9094,0,0,think run choic life rembr kid choic wear suicid bomb vest
9103,1,1,look previous battl citizen commit suicid american control bomb onli way
9130,1,1,iraq hashd shaabi theft isi suicid car bomb isi
9134,1,1,grupdat pic old pkk suicid bomber who deton bomb turkey armi trench releas
9145,1,1,isi claim respons saudi mosqu suicid bomb
9146,1,1,suicid bomber kill saudi secur site mosqu
9159,1,1,kill arabia mosqu suicid bomb suicid bomber attack mosqu aseer south western saudi
9195,0,1,agre onc whole chop head throw gay rooftop suicid bomb start
9209,1,1,secur personnel kill iraq suicid bomb
9223,1,1,number secur offici kill pkk terror attack suruc suicid bomb reach
9226,1,1,erdogan bloodi gambit juli suicid bomb turkey took live socialist suru
9237,1,1,bomb hara kiri know commit suicid hiroshima year ago
9238,1,1,rememb mordechai yehuda friedman ramat beit shemesh murder hama terrorist suicid bomb eg bus
9248,0,1,near sand half sunk shatter visag lie
9253,0,0,sunk leav school month
9265,0,0,wow alright sansa shook head blink rapid sunk don know
9270,0,0,feel lonely sunk strang depress feel
9281,0,0,wouldn sunk sub
9283,0,0,like left just sunk background
9288,0,0,sunk actual move state colorado tomorrow dream kid
9289,0,0,damn mlk center hasn sunk
9290,0,1,sea wreck gianni sunk hit submerg reef
9293,0,0,parent experi may help coral offspr surviv climat chang precondit adult coral increas
9300,0,0,surviv market oil invest money trade forex gold silver busi
9311,0,0,don fun tri surviv racist elitist countri
9319,0,0,dream saw way surviv full joy
9330,0,0,can fight fate can surviv alon can help notic like definit who
9333,0,0,peopl surviv like
9350,0,0,electr scofield nigga surviv hotbox sona
9363,0,0,fuck live here surpris ive surviv long
9365,0,0,just burst actual tear joy cain surviv summerf
9382,0,1,well sir cousin pow brutal treat surviv talk bomb justifi
9386,0,0,yeah surviv season movi let hope hope
9387,0,0,peopl who plot still wonder surviv
9396,1,1,hiroshima survivor fight nuclear industri brazil video
9397,0,1,tricycl toddler atom fraction second decis chang landscap human
9408,0,0,survivor remors
9418,0,0,violat improv reddit will shot sun survivor will hurl black hole nuke
9435,0,1,dog hole apart store survivor glenn moral andrea jacqui merl
9451,1,1,woman sneak airplan cockpit terror suspect
9456,1,1,cross border terror pakistan caught red hand
9458,0,1,still domest terror
9467,1,1,pakistan suprem court rule allow militari trial suspect terror case
9468,0,0,domest terror and creat
9485,1,0,articl saudi press reject russian initi region allianc assad regim fight terror
9489,1,0,onlin homeland secur apprais pakistan anti terror act
9491,1,1,cross border terror pakistan caught red hand time india
9496,0,1,sign petit seek merci death punish convivt terrorist job well india ask foreign govt
9499,1,1,here media pakistan cover captur terrorist moham nave
9503,1,1,terrorist tri car shot
9510,1,1,miss licens plate stolen one found terrorist car
9519,0,0,idek peopl who actual think terrorist
9522,1,1,jewish ppl agre tht israel bulli terrorist state killin palestin kid women
9538,1,1,isn iron anniversari hiroshima current presid help terrorist nation acquir nuclear weapon traitor
9541,0,0,don say women problem keepingtheviginaclean interest expens metrofmtalk
9542,0,0,build share custom applic exchang infosec dfir threatintel
9547,0,0,end australia best burger
9548,1,0,largest moblin leav biggest red fire strike threat reduc
9551,0,0,warn just expect threat soul
9555,0,0,purpl heart vet find jihad threat car mall islamaphob vet
9556,0,1,definit tripl crown threat harper
9563,0,0,worst part see lightn tri guess thunder will crack
9565,0,0,playingnow bloodbound angel media stream
9566,0,0,bring alabama thunder back attic septemb ticket
9569,0,0,thunder
9580,1,1,heavi rain frequent thunder gusti wind move part uptown midtown
9585,0,0,flash thunder quick amazon kindl soon print amazon book creat
9592,0,0,udest thunder heard
9594,0,0,thunder legit
9596,0,0,mama scare thunder
9597,0,0,listen essenceofm thunder major back
9603,0,0,just hear thunder
9636,1,1,sever thunderstorm warn includ russellvill clarksvill dardanell
9639,1,1,sever thunderstorm warn oklahoma counti okwx
9640,0,0,fall asleep sound thousand river plate fan stadium thunderstorm vivaargentina
9645,1,1,sever thunderstorm warn includ midwest citi del citi choctaw
9660,1,0,tornado
9673,1,1,sever thunderstorm warn issu august august nws okwx
9678,0,0,guy can run fast creat tornado break sweat make superman look like slowpok can poc
9681,1,1,environ canada confirm tornado touch down last weekend
9686,0,1,photo day pod
9690,1,1,glad away safe refer tornado near calgari drum heller
9697,0,0,don
9699,1,1,calgari area tornado warn end thunderstorm move eastward cbc cbc calgari area tornado warn end
9701,0,0,tornado flew room came
9704,0,1,feel like tornado
9706,0,0,tornado playoff guy homer just ad tulowitzki price
9707,0,0,pretti teen hayden ryan pose strip purpl top view download video
9710,0,0,maaaaan love love tragedi wish made whole song
9716,1,1,rli tragedi live recount horror saw coach train plung water call
9717,0,0,god use sorrow tragedi set stage glorious redempt david platt run
9723,1,1,railway caught unawar tragedi accid spot mark vulner time news
9749,0,0,gun down romanc heartach miseri tragedi
9750,1,1,rli tragedi live recount horror saw coach train plung water call daughter
9757,0,1,american tragedi
9760,0,0,feel trap innit
9761,0,0,trap damn gas pump suv side fuck dickhead
9765,1,1,bomb head explos decis dat produc dead children dead bodi trap tween build day septemb
9769,0,0,die just teleport middl ocean stay trap decid
9780,0,1,liter trap room cuz bathroom be remodel onli exit window
9785,0,0,trap disappear
9795,0,0,hollywood movi trap miner releas chile hugomatz
9818,0,0,complet understand trauma ptsdchat
9820,0,1,yes feel root shame can found rubbl trauma ptsdchat
9831,0,0,civil right continu tran generat trauma listen american
9835,1,0,kid haircut minim trauma clear call wine
9836,0,0,can tell oppress group peopl react trauma stupid ignor
9838,0,1,esteem journalist recal tragic effect unaddress childhood trauma
9842,1,0,role usg pa major trauma imag decis tool foam foamcc
9850,1,0,simmer nhl time leagu concuss issu
9859,0,0,back ireland sad traumatis freez beauti parisian summer accustom
9874,0,0,wow traumatis kid
9877,0,0,just traumatis car now gbbo relax
9894,0,0,spider legit just run across chest traumatis life
9898,0,0,still traumatis drive flashback lane hog
9901,0,0,hahaha half traumatis half hope labour easi
9921,0,0,go troubl
9925,0,0,hey hap troubl shoot step happen
9934,0,0,safer way yeah stabl troubl seat right
9941,0,0,worst voic can hear nikki troubl voic mom
9943,0,0,love don troubl peopl hous still be trash
9945,0,0,troubl laugh
9960,1,1,hurrican tornado tsunami tell hell happen nopow
9963,0,0,godslov thanku brother danni video come apocalypt earthquak tsunami
9971,0,0,bbshelli pretti sure go stay
9972,0,1,crptotech tsunami bank bank tech bitco blockchain
9982,0,0,hey esh
9987,0,0,man stomach feel like tsunami
9995,0,0,don wave miss anymor like tsunami tide eye
10003,0,0,want tsunami take
10005,0,0,energi
10011,0,0,just fuck say whole nother just sound fuck stupid fuck mean whole fuck tongu twister
10017,0,0,sharper imag viper hardsid twister black
10018,0,0,twister fun
10023,0,0,give titti twister
10030,0,0,bulgarian titti twister noemot produc edk pathfind youtub
10034,0,1,crazi mom threw teen daughter nude twister sex parti accord friend
10037,0,0,happi twister thank laugh stick side matter
10039,0,0,like video extrem paint twister
10058,1,1,break obama declar disast typhoon devast saipan obama sign disast declarat acenewsdesk
10061,1,1,global precipit measur satellit captur imag typhoon soudelor nasahurrican visit
10070,1,1,let report peopl obama just declar cnmi feder disast area post typhoon soudelor guy slow report
10074,0,1,america com eye super typhoon soudelor seen space time laps
10076,1,1,global precipit measur satellit captur imag typhoon soudelor
10085,1,1,price veget rise typhoon soudelor concern
10101,0,1,think typhoon just pass here lol
10102,1,1,recov typhoon
10105,1,1,abcnew obama declar disast typhoon devast saipan obama sign disast declar world
10111,0,0,usw damag abandon deal well creat level uncertainti econom upheav militari unrest
10119,0,0,indepth look world work young peopl busi economi cope huge upheav
10125,0,0,rich soil wonder
10141,0,0,ancient mayan tablet hieroglyph honor lowli king year old mayan stone tablet
10149,0,0,great upheav winik jay
10157,0,0,scandal caus major upheav parliamentari expens subsequ sack prison wait
10164,1,1,violent storm caus damag flood watertown
10171,0,1,amsterdam pov video captur violent land amsterdam airport schiphol
10186,1,1,pov footag captur violent land insid plane storm
10189,1,0,caus entir sky battl darken violent storm ungod power bolt lightn struck
10194,1,1,pov video captur violent land amsterdam airport schiphol storm
10198,1,1,yike poor pup weird violent storm
10199,1,1,brief violent storm swept chicago area sunday afternoon lead death evacu lollapalooza
10203,1,1,nws wth rotat storm report huge massiv violent tornado
10209,0,1,nside dragon belli ice cave volcano kamchatka photographi daniel
10210,1,1,japan aogashima volcano unknown check aogashima japan photographi volcano
10213,0,0,maailiss diaporama sixpencee karymski lake crater lake locat karymski volcano russia
10222,1,1,usg volcano hawaii time utc earthquak
10239,0,1,volcano bowl drink
10243,0,0,architect kany west volcano
10259,0,0,gear war preview member come chat welcom danger zone
10269,0,0,mama still thuggin world war zone homi inmat dead wrong
10270,1,1,worldwatchesferguson florida dare turn street war zone war citizen
10280,0,0,growingupblack walk past chicken fri like enter war zone
10284,0,1,look like war zone go
10286,1,1,year ago today drop nuclear weapon japan here articl share opinion decis
10290,0,0,fur leather coat sprite weapon choic lifestyl chosen back
10291,0,0,wrong lethal weapon seri great yes great
10294,0,0,guess can say common biolog father made way weapon
10307,1,1,nuclear bomb terribl weapon
10308,0,0,puls rifl weapon tune
10314,0,0,insanelimit plugin enabl tps tdm hardcor locker weapon rule use limit
10321,0,0,busi finish weapon design
10323,0,0,educ power weapon can chang world nelson mandela quot
10329,0,0,weapon catalogu
10345,0,0,hello twitter need book blogger interview book weapon form ineedexposur
10348,0,0,like video battlefield hardlin weapon map throwingknif
10358,0,1,ukrain argu weapon pelosi visit kiev
10359,1,0,thank support presid irand take nuclear weapon hand iran keep safer
10365,0,1,love gal deco death bit trickier great glad weapon splash wall
10372,0,0,place prevent skynet
10382,1,1,navi charg offic weapon violat chattanooga attack
10383,1,1,reagan administr arrang isra weapon guatemalan armi
10385,0,0,hey love bird submiss whirlwind wed war fantast keep send guy
10392,0,0,help whirlwind nostalgia
10393,0,0,sit cafe enjoy bite cram meet whirlwind hour nyc
10398,0,0,whirlwind love affair began back fat grew
10399,0,0,eye smile pretti smile hair miss luhan exo
10410,0,1,whirlwind medusa audio snake microphon input return
10412,0,1,sad eye tacit stori heart night whirlwind rage
10418,0,1,hour client meet whirlwind emot tubestrik
10423,0,0,reap whirlwind
10432,0,0,picthi thank toronto whirlwind amazing glad final
10434,0,1,win lisowski whitewash whirlwind round shanghai master qual snooker
10449,1,1,foxdebatequest degre obama effort institut sharia law exacerb california wild fire
10455,1,1,think today read wild fire
10457,1,1,thank sen feinstein now hurri home california huge uncontrol wild fire lighten start fire
10462,1,1,europ natur kind tornado hurrican wild fire earthquak flash flood mega snow drought
10473,1,1,watch news wild fire hope
10482,0,0,yes god doessnt chang say rejoic fall peopl calam like wild fire ect wan na punish
10486,1,1,mhtw fnet crew gain huge northern california wildfir cbs news
10489,1,1,parker ridg sheet aug parker ridg wildfir phone email idfir
10498,1,1,drone fire offici offer reward lead pilot who flew wildfir photographi art
10499,0,1,ember awar
10503,1,1,risk giant wildfir way kcrw
10516,1,1,wildfir near columbia river town percent contain firenew
10522,1,1,machin captur attent helicopt firefight wildfir oregon easternoregon
10533,1,1,latest wildfir destroy home crew advanc wqow news
10535,0,0,sixth year row premium cost windstorm insur climb time percent galvnew
10537,0,0,fifti onlin date still singl michael windstorm nook book thebachelorett
10541,0,0,texa seek comment rule chang windstorm insur insur
10543,0,1,texa seek comment rule chang windstorm insur
10554,0,0,windstorm board ok rate hike chang polit txlege twia
10555,1,1,realiti train train fall elev track windstorm fire em
10565,0,0,find patio tabl umbrella chair flip suspect foul play windstorm may suspens writer
10573,0,0,insur texa seek comment rule chang windstorm insur
10580,0,0,windstorm blew open window now bong piec just exampl natur indiffer human suffer
10585,1,1,gunmen kill salvador bus attack suspect salvadoran gang member kill peopl wound
10592,1,1,man fatal shot wound vermont street buffalo
10607,0,0,general audienc wound famili zenit world seen rome
10613,1,1,polic offic wound suspect dead exchang shot abc news
10627,1,1,latestnew polic offic wound suspect dead exchang shot richmond richmond pol
10631,1,1,offic wound suspect kill exchang gunfir ush
10636,0,1,gunshot wound bicep onli wound chest torso area kerricktri jonathanferrel
10644,0,0,mirror reflect privat wound desir
10647,0,1,acc studi conduct skim morethan popul kashmir suffer psychiatr disord kashmirconflict
10658,0,0,post pic wound
10660,0,0,wound kiss who doesn see disast soul crack pour love amaz
10673,0,0,glad gay can heal wound
10685,0,0,just hangin star buck watchin boy wreck septic tank
10688,0,0,season girl emot train wreck just want cri laugh eat ice cream
10690,0,0,drink lose touch build ship wreck
10696,0,0,design decis let fresh beauti wonder wreck kindof odd restrospect
10698,0,0,wreck sale here
10702,0,1,sunset boy wreck bed origin usa gimp label vinyl newav
10706,0,0,uncl wreck shit
10707,0,0,first wreck today glad mom okay wors happi lord today
10709,0,0,emot train wreck bodi train wreck wreck
10720,0,0,don think can take anymor emot wreck watch summerf
10722,0,1,greer man die wreck
10731,0,0,lol just nervous wreck
10732,0,0,amazon prime day quick takeaway amazon magnific train wreck
10736,1,1,wreckag confirm part miss malaysia airlin flight vice news
10739,1,1,victim famili furious media told wreckag confirm first
10747,1,1,scienc now piec wreckag flight confirm union island possibl
10751,1,1,cia plot roll eye chines relat victim say reunion island wreckag plant
10755,1,1,news plane wreckag found part miss malaysia prime minist say world buzzfe
10759,1,1,malaysian prime minist say reunion island wreckag
10783,1,1,wreckag conclus confirm miss flight
10803,0,0,wreck felt low life okay god
10815,0,0,cramer iger word wreck disney stock
10818,0,0,riddler best earli exit primari presidenti wannab chanc wreck rich guy
10824,0,0,awesom time gettin wreck bowl last night
10825,0,0,cramer word wreck dis stock
10829,0,0,can relax thought wife who wreck cake goner mind lol whoop
10840,0,1,sismo detectado jap seismic intens iwat miyagi jst
10841,0,0,siren
10843,1,1,omg earthquak
10847,1,1,group suicid bomber deton explos pack vest mosqu insid saudi special forc headquart kill peopl
10849,0,1,gas just explod heard scream now whole street smell gas
10851,1,1,nws issu sever thunderstorm warn part expect trauma case
